date,open,close,high,low,volume,code
2016-01-15,13.439,13.401,13.906,13.058,50111.0,600007
2016-01-18,13.248,13.401,13.592,13.058,39672.0,600007
2016-01-19,13.391,13.715,13.849,13.172,54433.0,600007
2016-01-20,13.601,13.449,13.839,13.277,45610.0,600007
2016-01-21,13.21,12.572,13.534,12.515,33186.0,600007
2016-01-22,12.81,12.991,13.115,12.562,22034.0,600007
2016-01-25,13.105,13.525,13.677,12.924,48078.0,600007
2016-01-26,13.334,12.715,13.487,12.686,35083.0,600007
2016-01-27,12.82,13.715,13.792,12.495,43528.0,600007
2016-01-28,13.515,13.639,13.706,13.201,34519.0,600007
2016-01-29,13.439,14.173,14.278,13.439,41615.0,600007
2016-02-01,14.154,13.925,14.592,13.544,28535.0,600007
2016-02-02,13.877,14.344,14.392,13.677,28834.0,600007
2016-02-03,14.097,14.097,14.259,13.782,20904.0,600007
2016-02-04,14.059,14.144,14.268,14.02,17676.0,600007
2016-02-05,14.24,13.563,14.24,13.534,21556.0,600007
2016-02-15,13.02,13.401,13.563,13.02,19466.0,600007
2016-02-16,13.391,13.811,13.916,13.391,28356.0,600007
2016-02-17,13.83,13.982,14.049,13.725,23785.0,600007
2016-02-18,14.049,13.973,14.163,13.916,26601.0,600007
2016-02-19,13.925,14.383,14.535,13.849,41291.0,600007
2016-02-22,14.688,14.497,14.735,14.259,34523.0,600007
2016-02-23,14.497,14.249,14.497,14.087,21731.0,600007
2016-02-24,14.325,14.487,14.564,14.087,27749.0,600007
2016-02-25,14.497,13.325,14.497,13.325,35563.0,600007
2016-02-26,13.468,13.401,13.563,13.163,18855.0,600007
2016-02-29,13.41,13.039,13.582,12.81,34089.0,600007
2016-03-01,13.153,14.097,14.182,13.058,43752.0,600007
2016-03-02,14.001,14.735,14.84,13.839,79283.0,600007
2016-03-03,14.573,14.335,14.726,14.173,58690.0,600007
2016-03-04,14.221,14.059,14.507,13.82,36454.0,600007
2016-03-07,14.287,14.221,14.383,14.068,29323.0,600007
2016-03-08,14.221,14.287,14.373,13.563,42776.0,600007
2016-03-09,14.106,13.916,14.106,13.82,30646.0,600007
2016-03-10,13.897,13.658,14.049,13.563,20899.0,600007
2016-03-11,13.582,13.553,13.725,13.401,11109.0,600007
2016-03-14,13.677,13.906,14.154,13.649,22795.0,600007
2016-03-15,13.906,13.811,14.097,13.773,16552.0,600007
2016-03-16,13.963,13.715,13.963,13.658,13386.0,600007
2016-03-17,13.744,14.001,14.106,13.744,20221.0,600007
2016-03-18,14.087,14.392,14.421,14.011,37492.0,600007
2016-03-21,14.468,14.592,14.63,14.335,40091.0,600007
2016-03-22,14.535,14.383,14.535,14.259,31745.0,600007
2016-03-23,14.297,14.535,14.545,14.24,23132.0,600007
2016-03-24,14.478,14.259,14.487,14.221,33949.0,600007
2016-03-25,14.211,14.335,14.411,14.202,16726.0,600007
2016-03-28,14.411,14.497,14.63,14.373,55591.0,600007
2016-03-29,14.497,14.249,14.526,14.059,26346.0,600007
2016-03-30,14.268,14.621,14.63,14.268,29397.0,600007
2016-03-31,14.697,14.468,14.697,14.392,25061.0,600007
2016-04-01,14.402,14.535,14.573,14.249,22139.0,600007
2016-04-05,14.535,14.954,15.164,14.449,57894.0,600007
2016-04-06,14.935,14.831,15.012,14.678,29652.0,600007
2016-04-07,14.926,14.507,14.964,14.44,36292.0,600007
2016-04-08,14.373,14.621,14.707,14.373,17855.0,600007
2016-04-11,14.573,15.078,15.155,14.573,42659.0,600007
2016-04-12,15.078,14.916,15.136,14.821,22149.0,600007
2016-04-13,15.05,15.04,15.345,14.983,32756.0,600007
2016-04-14,15.136,15.202,15.221,14.964,20693.0,600007
2016-04-15,15.212,15.564,15.584,15.097,39324.0,600007
2016-04-18,15.555,15.402,15.688,15.336,38983.0,600007
2016-04-19,15.441,15.221,15.536,15.059,26516.0,600007
2016-04-20,15.269,14.764,15.422,14.583,42594.0,600007
2016-04-21,14.688,14.735,14.878,14.621,22245.0,600007
2016-04-22,14.659,14.735,14.812,14.497,17948.0,600007
2016-04-25,14.602,14.392,14.707,14.278,24585.0,600007
2016-04-26,14.373,14.468,14.526,14.182,25055.0,600007
2016-04-27,14.487,14.611,14.792,14.383,24837.0,600007
2016-04-28,14.63,14.611,14.707,14.487,14695.0,600007
2016-04-29,14.564,14.85,14.964,14.497,26868.0,600007
2016-05-03,14.974,15.24,15.25,14.783,34500.0,600007
2016-05-04,15.164,15.593,15.707,15.097,48643.0,600007
2016-05-05,15.545,16.174,16.356,15.498,48289.0,600007
2016-05-06,16.194,15.965,16.689,15.746,65184.0,600007
2016-05-09,15.917,15.679,16.003,15.555,43327.0,600007
2016-05-10,15.679,16.384,16.527,15.488,42523.0,600007
2016-05-11,16.384,16.098,16.394,15.936,34264.0,600007
2016-05-12,15.822,17.147,17.156,15.803,61029.0,600007
2016-05-13,16.918,16.87,17.252,16.737,32910.0,600007
2016-05-16,16.68,16.966,17.147,16.565,27605.0,600007
2016-05-17,16.823,16.737,17.585,16.661,40936.0,600007
2016-05-18,16.594,16.394,16.937,16.012,30567.0,600007
2016-05-19,16.394,17.557,17.919,16.279,69595.0,600007
2016-05-20,17.537,17.499,17.909,17.318,30169.0,600007
2016-05-23,17.347,17.69,18.109,17.347,23369.0,600007
2016-05-24,17.576,17.109,17.576,16.975,27435.0,600007
2016-05-25,17.109,17.156,17.385,16.975,14939.0,600007
2016-05-26,17.118,17.29,17.394,16.775,22163.0,600007
2016-05-27,17.328,16.851,17.433,16.775,24364.0,600007
2016-05-30,16.823,16.327,16.861,16.194,26614.0,600007
2016-05-31,16.375,17.023,17.08,16.375,52153.0,600007
2016-06-01,16.918,16.985,17.128,16.918,22891.0,600007
2016-06-02,17.061,17.032,17.328,16.937,25742.0,600007
2016-06-03,16.966,17.528,17.585,16.689,39417.0,600007
2016-06-06,17.49,17.461,17.699,17.166,28513.0,600007
2016-06-07,17.271,17.347,17.461,17.185,14732.0,600007
2016-06-08,17.347,17.058,17.347,16.913,12050.0,600007
2016-06-13,16.856,16.48,17.0,16.48,14545.0,600007
2016-06-14,16.711,16.75,16.759,16.518,9264.0,600007
2016-06-15,16.537,17.299,17.328,16.537,21791.0,600007
2016-06-16,17.202,17.675,17.713,17.019,24936.0,600007
2016-06-17,17.675,17.463,18.022,17.337,26599.0,600007
2016-06-20,17.588,18.369,18.407,17.472,40100.0,600007
2016-06-21,18.397,18.099,18.677,17.887,38145.0,600007
2016-06-22,17.973,18.234,18.426,17.954,18682.0,600007
2016-06-23,18.301,17.925,18.378,17.752,24696.0,600007
2016-06-24,17.935,18.012,18.195,17.655,17209.0,600007
2016-06-27,17.829,19.255,19.419,17.829,46549.0,600007
2016-06-28,19.255,19.226,19.515,18.841,26109.0,600007
2016-06-29,19.226,19.737,19.756,19.082,27502.0,600007
2016-06-30,19.477,19.467,19.679,19.207,19402.0,600007
2016-07-01,19.438,19.467,19.631,18.995,12147.0,600007
2016-07-04,19.4,20.055,20.074,19.188,32629.0,600007
2016-07-05,20.055,19.785,20.335,19.698,18800.0,600007
2016-07-06,19.785,19.901,19.997,19.564,14568.0,600007
2016-07-07,19.911,19.776,19.949,19.448,17231.0,600007
2016-07-08,19.737,19.429,19.737,19.371,19108.0,600007
2016-07-11,19.621,19.419,19.621,19.178,11872.0,600007
2016-07-12,19.429,19.641,19.708,19.188,20915.0,600007
2016-07-13,19.544,19.747,20.142,19.544,30317.0,600007
2016-07-14,19.747,19.564,19.978,19.294,17717.0,600007
2016-07-15,19.564,19.718,19.891,19.38,11542.0,600007
2016-07-18,19.756,19.805,19.997,19.496,13548.0,600007
2016-07-19,19.805,19.67,19.93,19.564,18085.0,600007
2016-07-20,19.621,19.477,19.756,19.38,15224.0,600007
2016-07-21,19.284,19.265,19.554,19.226,10124.0,600007
2016-07-22,19.255,19.274,19.486,19.091,15343.0,600007
2016-07-25,19.274,19.294,19.409,19.226,7319.0,600007
2016-07-26,19.323,20.045,20.123,19.062,33815.0,600007
2016-07-27,19.997,19.467,20.421,18.966,31665.0,600007
2016-07-28,19.303,21.134,21.154,19.111,57913.0,600007
2016-07-29,21.134,21.0,21.202,20.73,27285.0,600007
2016-08-01,20.913,21.028,21.192,20.344,27030.0,600007
2016-08-02,20.971,20.662,21.019,20.344,19031.0,600007
2016-08-03,20.633,20.855,20.894,20.171,19570.0,600007
2016-08-04,20.71,20.614,21.048,20.431,15252.0,600007
2016-08-05,20.469,20.624,21.356,20.45,24401.0,600007
2016-08-08,20.315,20.527,20.624,20.103,15384.0,600007
2016-08-09,20.344,21.019,21.192,20.335,16012.0,600007
2016-08-10,21.009,20.836,21.202,20.624,18160.0,600007
2016-08-11,20.633,20.633,20.99,20.527,8789.0,600007
2016-08-12,20.45,21.192,21.298,20.45,17857.0,600007
2016-08-15,21.346,22.879,23.091,21.346,54745.0,600007
2016-08-16,22.686,22.888,23.052,22.281,44481.0,600007
2016-08-17,22.869,22.156,22.879,22.069,29964.0,600007
2016-08-18,22.301,22.156,22.358,21.944,22822.0,600007
2016-08-19,22.069,21.732,22.166,21.587,29552.0,600007
2016-08-22,21.645,21.674,22.069,21.636,14073.0,600007
2016-08-23,21.674,21.664,21.973,21.578,12857.0,600007
2016-08-24,21.664,20.894,21.819,20.865,55762.0,600007
2016-08-25,20.72,20.903,21.009,20.238,34638.0,600007
2016-08-26,20.816,21.163,21.192,20.739,19591.0,600007
2016-08-29,21.009,21.298,21.472,21.009,16475.0,600007
2016-08-30,21.298,21.587,21.655,21.115,16648.0,600007
2016-08-31,21.636,21.558,21.684,21.269,11686.0,600007
2016-09-01,21.626,21.472,21.626,21.395,8935.0,600007
2016-09-02,21.53,21.289,21.53,20.913,18072.0,600007
2016-09-05,21.231,21.038,21.481,21.009,8499.0,600007
2016-09-06,20.826,21.183,21.279,20.73,11282.0,600007
2016-09-07,21.096,21.414,21.626,21.096,21485.0,600007
2016-09-08,21.472,22.089,22.445,21.443,24907.0,600007
2016-09-09,21.973,21.703,22.069,21.549,12197.0,600007
2016-09-12,21.346,20.518,21.51,20.257,28195.0,600007
2016-09-13,20.72,20.537,21.106,20.065,22438.0,600007
2016-09-14,20.335,20.643,20.691,20.267,11155.0,600007
2016-09-19,20.643,20.913,21.019,20.45,8681.0,600007
2016-09-20,20.913,20.585,21.038,20.508,11370.0,600007
2016-09-21,20.585,21.115,21.144,20.306,15027.0,600007
2016-09-22,21.395,21.115,21.52,20.913,13670.0,600007
2016-09-23,21.472,21.028,21.491,20.99,8912.0,600007
2016-09-26,21.154,20.691,21.154,20.556,13677.0,600007
2016-09-27,20.595,21.067,21.134,20.45,15466.0,600007
2016-09-28,21.25,21.144,21.25,20.894,9775.0,600007
2016-09-29,21.144,21.106,21.568,21.038,10811.0,600007
2016-09-30,21.009,21.327,21.375,20.99,6899.0,600007
2016-10-10,21.154,21.25,21.607,20.874,19075.0,600007
2016-10-11,21.221,21.761,21.886,21.028,28479.0,600007
2016-10-12,21.761,21.848,21.973,21.501,13144.0,600007
2016-10-13,21.78,21.318,21.848,21.192,32819.0,600007
2016-10-14,21.318,20.826,21.375,20.633,20812.0,600007
2016-10-17,20.807,20.855,20.98,20.653,27986.0,600007
2016-10-18,20.701,21.067,21.096,20.701,28846.0,600007
2016-10-19,21.077,20.894,21.163,20.826,10152.0,600007
2016-10-20,20.797,20.537,21.086,20.46,19433.0,600007
2016-10-21,20.431,19.862,20.527,19.583,32378.0,600007
2016-10-24,19.66,19.467,19.66,18.889,78226.0,600007
2016-10-25,19.313,19.419,19.592,19.217,43856.0,600007
2016-10-26,19.448,18.899,19.448,18.744,80078.0,600007
2016-10-27,18.86,18.879,18.956,18.822,36026.0,600007
2016-10-28,18.889,19.207,19.236,18.773,62910.0,600007
2016-10-31,19.082,18.937,19.082,18.87,27521.0,600007
2016-11-01,18.995,18.793,19.024,18.561,57373.0,600007
2016-11-02,18.793,18.629,18.802,18.6,28323.0,600007
2016-11-03,18.629,18.629,18.793,18.542,38333.0,600007
2016-11-04,18.581,18.33,18.667,18.07,56733.0,600007
2016-11-07,18.301,18.147,18.301,17.829,30756.0,600007
2016-11-08,18.253,18.224,18.282,18.051,30592.0,600007
2016-11-09,18.234,18.34,18.407,18.099,39707.0,600007
2016-11-10,18.494,18.388,18.494,18.32,22523.0,600007
2016-11-11,18.378,18.465,18.503,18.166,30457.0,600007
2016-11-14,18.436,18.417,18.571,18.32,31493.0,600007
2016-11-15,18.494,18.764,18.783,18.311,34327.0,600007
2016-11-16,18.802,19.024,19.043,18.6,44665.0,600007
2016-11-17,18.85,19.207,19.689,18.85,58443.0,600007
2016-11-18,19.178,18.937,19.284,18.85,21536.0,600007
2016-11-21,18.937,19.13,19.14,18.725,20993.0,600007
2016-11-22,19.159,18.995,19.159,18.802,16757.0,600007
2016-11-23,19.091,19.111,19.236,18.889,22079.0,600007
2016-11-24,19.082,19.236,19.246,18.841,32133.0,600007
2016-11-25,19.197,19.101,19.197,18.889,15294.0,600007
2016-11-28,18.976,19.332,19.525,18.976,36322.0,600007
2016-11-29,19.332,19.988,20.508,19.274,58882.0,600007
2016-11-30,19.805,18.879,19.911,18.725,72988.0,600007
2016-12-01,18.879,19.034,19.082,18.609,40303.0,600007
2016-12-02,18.985,18.667,18.985,18.648,20209.0,600007
2016-12-05,18.571,18.243,18.571,18.022,26265.0,600007
2016-12-06,18.301,18.263,18.436,18.185,10655.0,600007
2016-12-07,18.243,18.484,18.503,18.214,9518.0,600007
2016-12-08,18.455,18.484,18.648,18.311,17847.0,600007
2016-12-09,18.484,18.465,18.6,18.369,10092.0,600007
2016-12-12,18.465,17.414,18.6,17.405,22581.0,600007
2016-12-13,17.347,17.694,17.877,17.164,13631.0,600007
2016-12-14,17.694,17.607,18.002,17.54,17421.0,600007
2016-12-15,17.588,17.704,17.79,17.501,11728.0,600007
2016-12-16,17.694,17.241,17.694,17.154,30214.0,600007
2016-12-19,17.154,16.345,17.154,16.229,106784.0,600007
2016-12-20,16.345,16.335,16.566,16.229,42546.0,600007
2016-12-21,16.345,16.663,16.962,15.815,152247.0,600007
2016-12-22,16.48,16.036,16.499,15.93,99706.0,600007
2016-12-23,15.998,16.277,16.489,15.901,100063.0,600007
2016-12-26,16.287,16.258,16.345,16.017,51746.0,600007
2016-12-27,16.248,16.412,16.537,16.181,47829.0,600007
2016-12-28,16.422,16.827,16.933,16.422,62662.0,600007
2016-12-29,16.711,16.701,16.75,16.518,26726.0,600007
2016-12-30,16.663,16.644,16.807,16.47,20768.0,600007
2017-01-03,16.663,16.798,16.836,16.663,24457.0,600007
2017-01-04,16.798,17.029,17.106,16.653,34039.0,600007
2017-01-05,16.942,16.788,16.942,16.653,32788.0,600007
2017-01-06,16.75,17.068,17.202,16.624,37211.0,600007
2017-01-09,17.068,17.077,17.251,16.923,20204.0,600007
2017-01-10,17.058,17.27,17.54,16.856,40507.0,600007
2017-01-11,17.174,17.202,17.434,17.039,23117.0,600007
2017-01-12,17.202,17.048,17.231,16.981,12856.0,600007
2017-01-13,16.894,17.405,17.443,16.624,24858.0,600007
2017-01-16,17.251,17.665,17.839,17.087,73917.0,600007
2017-01-17,17.665,17.549,17.665,17.299,16148.0,600007
2017-01-18,17.511,17.559,17.867,17.414,15731.0,600007
2017-01-19,17.549,17.289,17.733,17.289,15023.0,600007
2017-01-20,17.299,17.386,17.492,17.251,19673.0,600007
2017-01-23,17.386,17.472,17.694,17.386,7103.0,600007
2017-01-24,17.598,17.482,17.598,17.347,8658.0,600007
2017-01-25,17.482,17.511,17.559,17.395,8119.0,600007
2017-01-26,17.501,17.53,17.578,17.453,8392.0,600007
2017-02-03,17.53,17.54,17.588,17.443,6173.0,600007
2017-02-06,17.54,17.617,17.694,17.52,12152.0,600007
2017-02-07,17.588,17.472,17.636,17.443,9674.0,600007
2017-02-08,17.434,17.453,17.472,17.28,13434.0,600007
2017-02-09,17.501,17.626,17.684,17.414,10078.0,600007
2017-02-10,17.626,17.501,17.665,17.443,11867.0,600007
2017-02-13,17.501,17.839,17.925,17.405,18776.0,600007
2017-02-14,17.925,17.781,17.925,17.598,12957.0,600007
2017-02-15,17.81,17.819,18.195,17.713,25455.0,600007
2017-02-16,17.858,17.742,17.877,17.598,12268.0,600007
2017-02-17,17.617,17.569,17.742,17.492,17571.0,600007
2017-02-20,17.704,17.896,17.896,17.569,18426.0,600007
2017-02-21,17.925,17.945,18.002,17.79,15436.0,600007
2017-02-22,17.954,18.108,18.118,17.877,15464.0,600007
2017-02-23,18.022,18.243,18.253,17.829,25172.0,600007
2017-02-24,18.243,18.928,19.409,18.214,60704.0,600007
2017-02-27,18.86,18.658,18.87,18.455,24315.0,600007
2017-02-28,18.503,19.4,19.409,18.503,37117.0,600007
2017-03-01,19.371,19.149,19.708,18.947,45871.0,600007
2017-03-02,19.024,18.966,19.323,18.889,19317.0,600007
2017-03-03,18.937,19.168,19.371,18.793,22870.0,600007
2017-03-06,19.168,18.947,19.342,18.86,42710.0,600007
2017-03-07,18.947,19.294,19.419,18.822,26173.0,600007
2017-03-08,19.313,19.332,19.429,19.14,11197.0,600007
2017-03-09,19.342,19.352,19.467,19.188,13953.0,600007
2017-03-10,19.352,19.082,19.38,19.072,14212.0,600007
2017-03-13,19.034,19.284,19.39,18.725,15474.0,600007
2017-03-14,19.284,19.371,19.67,19.188,14886.0,600007
2017-03-15,19.371,19.371,19.409,19.168,14446.0,600007
2017-03-16,19.371,19.747,19.824,19.332,24665.0,600007
2017-03-17,19.814,19.477,20.229,19.419,21880.0,600007
2017-03-20,19.477,19.939,20.036,19.188,23821.0,600007
2017-03-21,20.402,19.872,20.402,19.747,19552.0,600007
2017-03-22,19.824,19.698,20.055,19.592,9901.0,600007
2017-03-23,19.65,19.737,19.891,19.592,13784.0,600007
2017-03-24,19.631,20.113,20.171,19.535,15295.0,600007
2017-03-27,20.123,20.151,20.373,19.959,17269.0,600007
2017-03-28,20.151,20.219,20.315,20.007,9832.0,600007
2017-03-29,20.296,19.621,20.373,19.602,15068.0,600007
2017-03-30,19.419,19.091,19.592,18.677,25999.0,600007
2017-03-31,19.101,19.284,19.361,19.014,10926.0,600007
2017-04-05,19.274,19.814,20.431,19.255,14209.0,600007
2017-04-06,19.853,19.882,20.007,19.65,7611.0,600007
2017-04-07,19.862,20.007,20.065,19.766,9842.0,600007
2017-04-10,20.026,20.354,20.392,19.641,24097.0,600007
2017-04-11,20.421,20.315,20.624,20.151,18669.0,600007
2017-04-12,20.161,19.93,20.489,19.891,19081.0,600007
2017-04-13,20.026,20.209,20.402,19.853,8539.0,600007
2017-04-14,20.537,20.123,20.537,20.045,13112.0,600007
2017-04-17,20.045,20.123,20.132,19.332,10739.0,600007
2017-04-18,20.045,20.065,20.229,19.679,16745.0,600007
2017-04-19,19.891,19.737,19.891,19.438,13767.0,600007
2017-04-20,19.727,19.564,19.727,19.477,12346.0,600007
2017-04-21,19.564,19.756,19.766,19.274,6040.0,600007
2017-04-24,19.718,19.38,19.718,19.188,12858.0,600007
2017-04-25,19.226,19.284,19.535,19.101,8077.0,600007
2017-04-26,19.284,19.458,19.573,19.217,7190.0,600007
2017-04-27,19.458,19.39,19.544,19.14,8272.0,600007
2017-04-28,19.342,19.274,19.4,19.207,10130.0,600007
2017-05-02,19.178,20.017,20.123,19.178,17737.0,600007
2017-05-03,19.833,19.544,20.017,19.496,10353.0,600007
2017-05-04,19.66,19.246,19.66,19.188,9004.0,600007
2017-05-05,19.226,19.284,19.429,19.053,17811.0,600007
2017-05-08,19.168,18.696,19.265,18.503,15465.0,600007
2017-05-09,18.85,18.87,19.072,18.166,10520.0,600007
2017-05-10,18.696,18.214,18.899,18.205,6242.0,600007
2017-05-11,18.388,18.455,18.581,18.041,15238.0,600007
2017-05-12,18.494,18.6,18.658,18.34,7720.0,600007
2017-05-15,18.6,18.937,19.005,18.32,16558.0,600007
2017-05-16,18.754,19.246,19.255,18.725,9896.0,600007
2017-05-17,19.246,19.188,19.698,19.159,8622.0,600007
2017-05-18,19.168,19.236,19.371,19.091,4257.0,600007
2017-05-19,19.294,19.911,19.911,19.294,19071.0,600007
2017-05-22,19.853,19.872,20.229,19.66,10772.0,600007
2017-05-23,19.872,19.65,19.872,19.178,14852.0,600007
2017-05-24,19.467,19.621,19.756,19.246,6441.0,600007
2017-05-25,19.612,19.949,20.026,19.612,9541.0,600007
2017-05-26,19.949,19.747,20.017,19.67,4611.0,600007
2017-05-31,20.045,19.805,20.132,19.66,8081.0,600007
2017-06-01,19.66,19.805,19.843,19.535,8314.0,600007
2017-06-02,19.679,19.66,19.795,19.419,6898.0,600007
2017-06-05,19.573,19.573,19.689,19.38,5903.0,600007
2017-06-06,19.564,19.718,19.737,19.39,4877.0,600007
2017-06-07,19.708,20.171,20.219,19.641,10485.0,600007
2017-06-08,20.142,20.055,20.286,20.045,7088.0,600007
2017-06-09,20.074,20.055,20.238,19.862,4672.0,600007
2017-06-12,20.026,20.074,20.354,19.997,6879.0,600007
2017-06-13,20.045,20.161,20.286,19.891,4827.0,600007
2017-06-14,20.151,19.997,20.229,19.959,3176.0,600007
2017-06-15,20.045,20.335,20.518,19.949,7380.0,600007
2017-06-16,20.479,19.988,20.479,19.747,7587.0,600007
2017-06-19,20.067,20.047,20.155,19.851,6299.0,600007
2017-06-20,20.115,20.057,20.233,19.92,6983.0,600007
2017-06-21,19.979,20.135,20.135,19.851,5348.0,600007
2017-06-22,20.135,19.627,20.213,19.558,7785.0,600007
2017-06-23,19.274,19.793,19.803,19.274,6350.0,600007
2017-06-26,19.793,20.233,20.301,19.744,8420.0,600007
2017-06-27,20.233,20.379,20.419,20.086,7702.0,600007
2017-06-28,20.184,20.096,20.36,20.057,3175.0,600007
2017-06-29,20.096,20.125,20.233,19.939,4809.0,600007
2017-06-30,20.106,20.35,20.379,20.027,5903.0,600007
2017-07-03,20.34,20.213,20.507,20.076,5064.0,600007
2017-07-04,20.194,19.871,20.438,19.851,4065.0,600007
2017-07-05,19.871,20.115,20.145,19.783,3811.0,600007
2017-07-06,19.939,19.822,20.106,19.812,3082.0,600007
2017-07-07,19.998,19.675,20.037,19.558,6715.0,600007
2017-07-10,19.675,19.744,19.881,19.509,3612.0,600007
2017-07-11,19.705,19.597,20.018,19.558,6656.0,600007
2017-07-12,19.578,19.783,19.91,19.499,9138.0,600007
2017-07-13,19.891,19.636,19.891,19.558,3280.0,600007
2017-07-14,19.597,19.695,19.715,19.538,5298.0,600007
2017-07-17,19.548,19.353,19.744,19.226,5697.0,600007
2017-07-18,19.265,19.431,19.49,19.138,4797.0,600007
2017-07-19,19.49,19.529,19.558,19.274,5150.0,600007
2017-07-20,19.529,19.49,19.558,19.343,4324.0,600007
2017-07-21,19.353,19.255,19.48,18.932,13594.0,600007
2017-07-24,19.255,19.098,19.265,19.069,6853.0,600007
2017-07-25,19.069,19.118,19.226,19.059,5967.0,600007
2017-07-26,19.118,19.587,19.646,18.981,12911.0,600007
2017-07-27,19.587,19.509,19.705,19.411,2833.0,600007
2017-07-28,19.558,19.323,19.558,19.265,3685.0,600007
2017-07-31,19.362,19.157,19.382,19.138,5333.0,600007
2017-08-01,19.118,19.284,19.431,19.089,5154.0,600007
2017-08-02,19.265,19.157,19.343,19.089,3607.0,600007
2017-08-03,19.196,19.265,19.402,19.118,6590.0,600007
2017-08-04,19.157,19.157,19.362,19.118,3730.0,600007
2017-08-07,19.147,19.284,19.333,19.118,1828.0,600007
2017-08-08,19.294,19.245,19.314,19.167,2175.0,600007
2017-08-09,19.128,19.157,19.255,19.108,3408.0,600007
2017-08-10,19.157,19.431,19.548,19.108,14945.0,600007
2017-08-11,19.362,19.392,19.587,19.167,10134.0,600007
2017-08-14,19.392,19.45,19.568,19.265,3176.0,600007
2017-08-15,19.45,19.558,19.627,19.333,3061.0,600007
2017-08-16,19.578,19.431,19.578,19.402,2021.0,600007
2017-08-17,19.45,19.362,19.46,19.294,2552.0,600007
2017-08-18,19.353,19.636,19.636,19.274,8117.0,600007
2017-08-21,19.636,19.538,19.646,19.402,3677.0,600007
2017-08-22,19.45,19.46,19.597,19.382,2448.0,600007
2017-08-23,19.402,19.343,19.46,19.323,2340.0,600007
2017-08-24,19.441,19.323,19.617,19.323,4379.0,600007
2017-08-25,19.304,19.284,19.48,19.118,7169.0,600007
2017-08-28,19.323,19.314,19.402,19.216,4408.0,600007
2017-08-29,19.284,19.323,19.441,19.245,3445.0,600007
2017-08-30,19.333,19.274,19.333,19.108,16144.0,600007
2017-08-31,19.216,19.314,19.431,19.157,5409.0,600007
2017-09-01,19.284,19.402,19.47,19.186,4557.0,600007
2017-09-04,19.48,19.411,19.48,19.294,2483.0,600007
2017-09-05,19.46,19.411,19.46,19.304,2837.0,600007
2017-09-06,19.519,19.402,19.519,19.314,3015.0,600007
2017-09-07,19.45,19.411,19.45,19.255,4260.0,600007
2017-09-08,19.402,19.274,19.411,19.235,5284.0,600007
2017-09-11,19.226,19.274,19.353,19.226,5437.0,600007
2017-09-12,19.372,19.48,19.509,19.265,10116.0,600007
2017-09-13,19.46,19.265,19.695,19.245,7794.0,600007
2017-09-14,19.392,19.245,19.392,19.177,6602.0,600007
2017-09-15,19.245,19.177,19.372,19.167,4926.0,600007
2017-09-18,19.186,19.265,19.362,19.128,15086.0,600007
2017-09-19,19.284,19.245,19.48,19.177,12561.0,600007
2017-09-20,19.245,19.186,19.245,19.118,4188.0,600007
2017-09-21,19.265,18.981,19.265,18.952,12407.0,600007
2017-09-22,18.962,18.844,18.971,18.795,3977.0,600007
2017-09-25,18.834,18.365,18.962,18.16,12771.0,600007
2017-09-26,18.365,18.492,18.531,18.228,9508.0,600007
2017-09-27,18.521,18.756,18.864,18.355,5660.0,600007
2017-09-28,18.727,18.443,18.727,18.365,2760.0,600007
2017-09-29,18.668,18.433,18.668,18.394,2300.0,600007
2017-10-09,18.531,18.59,18.609,18.297,7760.0,600007
2017-10-10,18.609,18.6,18.658,18.482,4971.0,600007
2017-10-11,18.668,18.649,18.727,18.355,5968.0,600007
2017-10-12,18.658,18.492,18.668,18.336,6322.0,600007
2017-10-13,18.492,18.473,18.561,18.385,5873.0,600007
2017-10-16,18.58,18.463,18.825,18.316,8942.0,600007
2017-10-17,18.316,18.316,18.512,18.287,7009.0,600007
2017-10-18,18.13,18.14,18.443,17.964,10227.0,600007
2017-10-19,18.091,17.974,18.189,17.896,4950.0,600007
2017-10-20,17.993,18.042,18.081,17.788,5296.0,600007
2017-10-23,18.062,17.964,18.179,17.915,4965.0,600007
2017-10-24,17.974,17.768,18.052,17.71,9307.0,600007
2017-10-25,17.729,17.905,17.954,17.729,4480.0,600007
2017-10-26,17.886,18.013,18.062,17.808,3875.0,600007
2017-10-27,18.013,17.817,18.023,17.729,4733.0,600007
2017-10-30,17.759,17.602,17.876,16.927,10555.0,600007
2017-10-31,17.729,17.485,17.729,17.328,4739.0,600007
2017-11-01,17.485,17.749,17.768,17.485,5965.0,600007
2017-11-02,17.749,17.798,17.915,17.583,4272.0,600007
2017-11-03,17.798,17.563,17.837,17.485,4739.0,600007
2017-11-06,17.847,17.544,17.847,17.514,2353.0,600007
2017-11-07,17.671,17.544,17.671,17.485,2909.0,600007
2017-11-08,17.544,17.651,17.7,17.485,2746.0,600007
2017-11-09,17.553,18.062,19.226,17.544,27356.0,600007
2017-11-10,17.993,17.436,17.993,17.211,34576.0,600007
2017-11-13,17.358,17.035,17.544,16.967,12570.0,600007
2017-11-14,17.045,17.045,17.26,17.025,5487.0,600007
2017-11-15,17.025,16.888,17.152,16.761,8138.0,600007
2017-11-16,16.839,16.536,16.957,16.507,15976.0,600007
2017-11-17,16.497,16.351,16.722,16.038,10977.0,600007
2017-11-20,16.321,16.937,17.094,16.038,17207.0,600007
2017-11-21,16.947,16.605,16.947,16.556,8001.0,600007
2017-11-22,16.214,17.172,17.309,16.214,16058.0,600007
2017-11-23,17.289,16.732,17.289,16.595,7938.0,600007
2017-11-24,16.487,16.83,16.996,16.487,3529.0,600007
2017-11-27,16.82,16.83,17.006,16.546,3651.0,600007
2017-11-28,16.83,16.791,16.957,16.703,6168.0,600007
2017-11-29,16.791,16.781,16.869,16.703,2740.0,600007
2017-11-30,16.781,16.546,16.82,16.507,3194.0,600007
2017-12-01,16.36,17.025,17.035,16.36,8984.0,600007
2017-12-04,17.025,16.644,17.035,16.644,3927.0,600007
2017-12-05,16.673,16.615,16.722,16.409,6555.0,600007
2017-12-06,16.409,16.673,16.673,16.38,3325.0,600007
2017-12-07,16.615,16.487,16.703,16.478,4209.0,600007
2017-12-08,16.487,16.585,16.615,16.429,4789.0,600007
2017-12-11,16.556,16.517,16.595,16.135,5447.0,600007
2017-12-12,16.458,16.468,16.575,16.37,2934.0,600007
2017-12-13,16.468,16.536,16.556,16.39,1905.0,600007
2017-12-14,16.429,16.703,16.703,16.429,3347.0,600007
2017-12-15,16.663,16.439,16.732,16.439,5915.0,600007
2017-12-18,16.439,16.712,16.8,16.439,7960.0,600007
2017-12-19,16.703,16.751,16.83,16.624,7639.0,600007
2017-12-20,16.771,16.644,16.791,16.546,3030.0,600007
2017-12-21,16.654,16.751,16.791,16.468,6642.0,600007
2017-12-22,16.644,16.556,16.791,16.527,4082.0,600007
2017-12-25,16.605,16.703,16.908,16.429,6285.0,600007
2017-12-26,16.673,16.673,16.771,16.517,4439.0,600007
2017-12-27,16.722,16.703,16.8,16.634,3341.0,600007
2017-12-28,16.742,16.751,16.781,16.624,4552.0,600007
2017-12-29,16.849,16.761,16.849,16.644,7172.0,600007
2018-01-02,16.781,16.742,16.83,16.663,6905.0,600007
2018-01-03,16.732,16.615,16.742,16.527,14337.0,600007
2018-01-04,16.605,16.624,16.683,16.527,14745.0,600007
2018-01-05,16.605,16.83,17.182,16.566,60469.0,600007
2018-01-08,16.8,16.888,17.055,16.761,31175.0,600007
2018-01-09,16.898,17.534,17.602,16.585,41547.0,600007
2018-01-10,17.328,17.368,17.407,16.918,43835.0,600007
2018-01-11,17.104,17.064,17.24,16.967,20663.0,600007
2018-01-12,16.967,16.976,17.475,16.947,18371.0,600007
2018-01-15,16.976,16.429,17.064,16.38,23425.0,600007
2018-01-16,16.429,16.527,16.585,16.331,13171.0,600007
2018-01-17,16.536,16.634,16.722,16.39,11599.0,600007
2018-01-18,16.517,16.409,16.722,16.39,11985.0,600007
2018-01-19,16.409,16.253,16.507,16.233,13045.0,600007
2018-01-22,16.253,16.399,16.527,16.145,10078.0,600007
2018-01-23,16.419,16.556,16.624,16.272,16469.0,600007
2018-01-24,16.556,16.409,16.722,16.37,15137.0,600007
2018-01-25,16.409,16.341,16.497,16.311,11379.0,600007
2018-01-26,16.38,16.37,16.419,16.253,8234.0,600007
2018-01-29,16.351,16.145,16.448,16.096,9830.0,600007
2018-01-30,16.135,15.95,16.263,15.95,10274.0,600007
2018-01-31,15.95,16.028,16.194,15.793,13779.0,600007
2018-02-01,15.998,14.629,16.087,14.424,49414.0,600007
2018-02-02,14.629,15.529,15.725,14.385,31847.0,600007
2018-02-05,15.314,15.627,15.744,15.285,12244.0,600007
2018-02-06,15.402,15.451,15.627,15.294,19377.0,600007
2018-02-07,15.5,15.128,15.695,15.011,10433.0,600007
2018-02-08,15.255,15.06,15.353,14.962,8158.0,600007
2018-02-09,14.825,14.522,15.109,14.238,18027.0,600007
2018-02-12,14.561,14.649,14.786,14.512,10089.0,600007
2018-02-13,14.659,14.766,15.109,14.659,9505.0,600007
2018-02-14,14.854,14.639,14.962,14.493,10104.0,600007
2018-02-22,14.669,14.786,14.815,14.532,6059.0,600007
2018-02-23,14.776,14.678,14.874,14.6,6643.0,600007
2018-02-26,14.698,14.835,14.845,14.659,7370.0,600007
2018-02-27,14.845,14.913,15.138,14.757,12168.0,600007
2018-02-28,14.805,14.825,14.893,14.757,6692.0,600007
2018-03-01,14.825,14.864,14.942,14.727,7079.0,600007
2018-03-02,14.835,14.688,14.835,14.571,11800.0,600007
2018-03-05,14.669,14.62,14.698,14.532,7553.0,600007
2018-03-06,14.649,14.629,14.649,14.434,13342.0,600007
2018-03-07,14.629,14.62,14.825,14.571,10678.0,600007
2018-03-08,14.629,14.747,14.766,14.62,8225.0,600007
2018-03-09,14.766,14.805,14.864,14.688,6578.0,600007
2018-03-12,14.854,15.001,15.05,14.825,10421.0,600007
2018-03-13,15.128,14.913,15.128,14.884,6743.0,600007
2018-03-14,14.864,14.805,14.913,14.717,5860.0,600007
2018-03-15,14.796,14.776,14.845,14.669,6425.0,600007
2018-03-16,14.825,14.62,14.825,14.6,7410.0,600007
2018-03-19,14.59,14.571,14.717,14.541,5725.0,600007
2018-03-20,14.61,14.561,14.669,14.512,5060.0,600007
2018-03-21,14.532,14.737,14.747,14.532,9688.0,600007
2018-03-22,14.737,14.717,14.805,14.551,7919.0,600007
2018-03-23,14.551,14.933,15.5,13.925,45739.0,600007
2018-03-26,14.678,14.131,14.678,13.691,25437.0,600007
2018-03-27,14.277,14.15,14.326,14.062,15743.0,600007
2018-03-28,14.14,13.867,14.228,13.867,9684.0,600007
2018-03-29,13.818,13.994,14.082,13.769,8587.0,600007
2018-03-30,13.984,13.964,14.023,13.896,6688.0,600007
2018-04-02,13.984,13.974,14.14,13.896,8961.0,600007
2018-04-03,13.73,13.71,13.886,13.661,10331.0,600007
2018-04-04,13.7,13.788,13.896,13.7,7748.0,600007
2018-04-09,13.798,13.749,13.798,13.661,8174.0,600007
2018-04-10,13.749,13.916,13.935,13.73,8722.0,600007
2018-04-11,13.896,14.072,14.15,13.857,13914.0,600007
2018-04-12,14.033,13.779,14.043,13.759,13113.0,600007
2018-04-13,13.788,13.74,13.896,13.691,10970.0,600007
2018-04-16,13.798,13.612,13.798,13.544,7919.0,600007
2018-04-17,13.603,13.436,13.681,13.407,7527.0,600007
2018-04-18,13.544,13.299,13.544,13.241,15766.0,600007
2018-04-19,13.299,13.397,13.436,12.811,7639.0,600007
2018-04-20,13.515,13.27,13.534,13.221,6484.0,600007
2018-04-23,13.202,13.358,13.358,13.104,5477.0,600007
2018-04-24,13.397,13.524,13.564,13.388,7631.0,600007
2018-04-25,13.456,13.407,13.534,13.319,6341.0,600007
2018-04-26,13.339,13.221,13.456,13.202,5843.0,600007
2018-04-27,13.221,13.123,13.299,13.065,7256.0,600007
2018-05-02,13.163,13.671,13.681,13.163,21262.0,600007
2018-05-03,13.671,13.603,13.779,13.427,11164.0,600007
2018-05-04,13.622,13.681,13.808,13.495,7912.0,600007
2018-05-07,13.779,14.111,14.15,13.71,14884.0,600007
2018-05-08,14.131,14.258,14.268,14.052,14590.0,600007
2018-05-09,14.277,14.17,14.346,14.033,10169.0,600007
2018-05-10,14.18,14.189,14.258,14.062,12673.0,600007
2018-05-11,14.3,14.18,14.3,14.07,8176.0,600007
2018-05-14,14.07,14.51,14.61,14.01,15660.0,600007
2018-05-15,14.45,14.34,14.49,14.2,11520.0,600007
2018-05-16,14.22,14.06,14.27,13.9,9291.0,600007
2018-05-17,14.0,13.89,14.07,13.69,14251.0,600007
2018-05-18,13.9,13.89,13.94,13.6,9003.0,600007
2018-05-21,13.96,14.7,15.22,13.94,31759.0,600007
2018-05-22,14.94,15.11,15.19,14.59,29028.0,600007
2018-05-23,15.06,15.04,15.2,14.83,17800.0,600007
2018-05-24,14.98,15.8,15.97,14.98,48597.0,600007
2018-05-25,15.65,15.65,15.96,15.41,23327.0,600007
2018-05-28,15.81,15.51,15.86,15.38,18690.0,600007
2018-05-29,15.52,15.95,15.99,15.34,19034.0,600007
2018-05-30,15.7,15.36,15.98,15.26,16300.0,600007
2018-05-31,15.38,16.18,16.27,15.38,22270.0,600007
2018-06-01,16.02,15.99,16.16,15.75,18569.0,600007
2018-06-04,16.08,16.15,16.46,15.91,12636.0,600007
2018-06-05,15.92,16.15,16.32,15.92,16845.0,600007
2018-06-06,16.15,15.97,16.33,15.96,8206.0,600007
2018-06-07,16.07,15.86,16.16,15.72,6193.0,600007
2018-06-08,15.86,15.55,16.06,15.45,8810.0,600007
2018-06-11,15.69,15.88,15.95,15.51,13136.0,600007
2018-06-12,15.67,15.88,15.93,15.64,12496.0,600007
2018-06-13,15.72,15.61,15.89,15.4,11973.0,600007
2018-06-14,15.61,15.51,15.68,15.3,5354.0,600007
2018-06-15,15.5,15.57,15.77,15.3,4459.0,600007
2018-06-19,15.47,14.59,15.47,14.36,10778.0,600007
2018-06-20,14.49,14.57,14.89,14.49,7719.0,600007
2018-06-21,14.67,14.12,14.67,13.78,12003.0,600007
2018-06-22,14.0,14.82,14.84,13.85,12853.0,600007
2018-06-25,14.86,14.74,15.53,14.67,9360.0,600007
2018-06-26,14.74,14.56,14.82,14.46,6073.0,600007
2018-06-27,14.66,14.2,14.7,14.1,8812.0,600007
2018-06-28,14.12,14.34,14.47,14.02,7376.0,600007
2018-06-29,14.45,14.47,14.47,14.01,4309.0,600007
2018-07-02,14.44,14.24,14.6,14.15,5758.0,600007
2018-07-03,14.24,14.41,14.5,14.05,13090.0,600007
2018-07-04,14.41,14.2,14.41,14.1,8753.0,600007
2018-07-05,14.23,13.85,14.27,13.75,4600.0,600007
2018-07-06,13.85,14.05,14.12,13.76,4153.0,600007
2018-07-09,14.09,14.35,14.4,13.94,5509.0,600007
2018-07-10,14.35,14.31,14.43,14.26,2848.0,600007
2018-07-11,14.28,13.96,14.28,13.84,4813.0,600007
2018-07-12,13.96,14.45,14.82,13.84,6990.0,600007
2018-07-13,14.44,14.45,14.93,14.4,5755.0,600007
2018-07-16,14.54,14.59,14.78,14.33,14687.0,600007
2018-07-17,14.58,14.6,14.65,14.44,6460.0,600007
2018-07-18,14.65,14.53,14.7,14.5,3378.0,600007
2018-07-19,14.5,14.29,14.57,14.2,3997.0,600007
2018-07-20,14.25,14.34,14.47,14.08,2979.0,600007
2018-07-23,14.4,14.63,14.65,14.31,7037.0,600007
2018-07-24,14.53,15.07,15.1,14.53,10526.0,600007
2018-07-25,15.08,15.04,15.09,14.93,6897.0,600007
2018-07-26,14.93,14.98,15.07,14.83,3839.0,600007
2018-07-27,14.94,14.75,14.97,14.63,4705.0,600007
2018-07-30,14.69,15.33,15.34,14.69,11381.0,600007
2018-07-31,15.43,15.18,15.93,14.97,11483.0,600007
2018-08-01,15.15,15.16,15.36,14.75,10578.0,600007
2018-08-02,15.05,15.03,15.4,14.9,11148.0,600007
2018-08-03,14.97,15.1,15.18,14.96,5832.0,600007
2018-08-06,15.09,14.73,15.09,14.45,8923.0,600007
2018-08-07,14.69,15.44,15.56,14.69,11076.0,600007
2018-08-08,15.46,15.06,15.56,15.04,5852.0,600007
2018-08-09,15.16,15.42,15.8,15.07,8981.0,600007
2018-08-10,15.42,15.41,15.54,15.01,9120.0,600007
2018-08-13,15.17,15.38,15.44,15.08,3672.0,600007
2018-08-14,15.4,15.44,15.97,15.31,6437.0,600007
2018-08-15,15.44,15.08,15.45,15.06,4557.0,600007
2018-08-16,15.09,14.94,15.2,14.93,4076.0,600007
2018-08-17,15.01,14.86,15.18,14.81,2700.0,600007
2018-08-20,14.9,14.39,14.9,14.18,9257.0,600007
2018-08-21,14.39,14.2,14.44,14.1,15072.0,600007
2018-08-22,14.24,13.62,14.26,13.55,17346.0,600007
2018-08-23,13.73,13.7,13.92,13.51,20091.0,600007
2018-08-24,13.75,13.53,13.75,13.46,11614.0,600007
2018-08-27,13.6,13.7,13.73,13.47,17658.0,600007
2018-08-28,13.7,13.69,13.8,13.6,11364.0,600007
2018-08-29,13.69,13.88,13.95,13.64,15149.0,600007
