date,open,close,high,low,volume,code
2015-12-31,7.724,7.509,7.783,7.48,108801.0,603002
2016-01-04,7.46,6.757,7.558,6.757,123208.0,603002
2016-01-05,6.347,6.523,6.728,6.152,142161.0,603002
2016-01-06,6.562,6.708,6.718,6.445,101008.0,603002
2016-01-07,6.542,6.035,6.542,6.035,33281.0,603002
2016-01-08,6.21,6.123,6.298,5.742,116745.0,603002
2016-01-11,5.957,5.654,6.171,5.595,111470.0,603002
2016-01-12,5.654,5.712,5.839,5.566,94500.0,603002
2016-01-13,5.761,5.488,5.839,5.371,78418.0,603002
2016-01-14,5.371,5.703,5.742,5.195,116694.0,603002
2016-01-15,5.654,5.459,5.791,5.361,85895.0,603002
2016-01-18,5.293,5.527,5.634,5.253,82968.0,603002
2016-01-19,5.478,5.751,5.8,5.459,105003.0,603002
2016-01-20,5.712,5.712,5.81,5.644,81957.0,603002
2016-01-21,5.605,5.498,5.791,5.478,77566.0,603002
2016-01-22,5.556,5.566,5.625,5.38,76411.0,603002
2016-01-25,5.625,5.82,5.83,5.576,106123.0,603002
2016-01-26,5.703,5.488,5.947,5.361,171909.0,603002
2016-01-27,5.429,5.605,5.703,5.039,173826.0,603002
2016-01-28,5.478,5.253,5.791,5.224,122721.0,603002
2016-01-29,5.175,5.41,5.459,5.048,110075.0,603002
2016-02-01,5.4,5.253,5.429,5.156,65484.0,603002
2016-02-02,5.293,5.439,5.488,5.244,67401.0,603002
2016-02-03,5.332,5.429,5.459,5.273,64920.0,603002
2016-02-04,5.449,5.625,5.712,5.449,102922.0,603002
2016-02-05,5.673,5.556,5.712,5.537,80073.0,603002
2016-02-15,5.302,5.459,5.517,5.283,67557.0,603002
2016-02-16,5.488,5.712,5.751,5.478,105685.0,603002
2016-02-17,5.693,5.791,5.81,5.615,118423.0,603002
2016-02-18,5.839,5.8,5.869,5.761,133103.0,603002
2016-02-19,5.751,5.8,5.82,5.703,85005.0,603002
2016-02-22,5.849,5.976,5.986,5.81,134840.0,603002
2016-02-23,5.966,5.878,5.966,5.771,131811.0,603002
2016-02-24,5.839,5.898,5.908,5.732,88783.0,603002
2016-02-25,5.869,5.312,5.878,5.312,147029.0,603002
2016-02-26,5.38,5.283,5.39,5.136,92958.0,603002
2016-02-29,5.244,4.853,5.263,4.785,100495.0,603002
2016-03-01,4.902,5.0,5.048,4.843,66211.0,603002
2016-03-02,5.0,5.253,5.283,4.97,95173.0,603002
2016-03-03,5.224,5.234,5.4,5.195,108567.0,603002
2016-03-04,5.224,5.019,5.273,4.941,85884.0,603002
2016-03-07,5.068,5.195,5.205,5.068,79702.0,603002
2016-03-08,5.185,5.253,5.273,4.98,92881.0,603002
2016-03-09,5.117,5.127,5.205,5.087,54512.0,603002
2016-03-10,5.117,5.058,5.185,5.029,57230.0,603002
2016-03-11,5.029,5.039,5.087,4.931,42633.0,603002
2016-03-14,5.087,5.195,5.322,5.087,86111.0,603002
2016-03-15,5.195,5.175,5.244,5.127,61389.0,603002
2016-03-16,5.195,5.195,5.302,5.156,78532.0,603002
2016-03-17,5.214,5.38,5.4,5.195,112719.0,603002
2016-03-18,5.4,5.537,5.576,5.361,134319.0,603002
2016-03-21,5.585,5.683,5.712,5.537,127050.0,603002
2016-03-22,5.595,5.664,5.732,5.566,114943.0,603002
2016-03-23,5.625,5.683,5.693,5.595,73419.0,603002
2016-03-24,5.673,5.527,5.673,5.507,110742.0,603002
2016-03-25,5.507,5.595,5.605,5.498,85362.0,603002
2016-03-28,5.595,5.585,5.761,5.576,109782.0,603002
2016-03-29,5.605,5.449,5.634,5.371,86058.0,603002
2016-03-30,5.478,5.703,5.732,5.478,118102.0,603002
2016-03-31,5.732,5.927,5.986,5.693,289569.0,603002
2016-04-01,5.859,5.869,5.898,5.722,166039.0,603002
2016-04-05,5.83,6.083,6.171,5.83,228194.0,603002
2016-04-06,6.074,6.035,6.123,5.976,172448.0,603002
2016-04-07,6.074,5.888,6.074,5.869,139436.0,603002
2016-04-08,5.869,5.8,5.888,5.703,107012.0,603002
2016-04-11,5.849,5.966,6.005,5.839,130882.0,603002
2016-04-12,5.917,5.878,5.976,5.81,85622.0,603002
2016-04-13,5.917,5.986,6.064,5.908,149937.0,603002
2016-04-14,6.054,6.103,6.103,5.976,137773.0,603002
2016-04-15,6.113,6.132,6.162,6.044,126681.0,603002
2016-04-18,6.093,6.22,6.308,6.054,204298.0,603002
2016-04-19,6.249,6.494,6.503,6.24,266841.0,603002
2016-04-20,6.542,6.142,6.611,5.869,311964.0,603002
2016-04-21,6.015,6.025,6.191,5.957,186981.0,603002
2016-04-22,5.966,6.113,6.142,5.908,127127.0,603002
2016-04-25,6.035,5.957,6.074,5.898,134902.0,603002
2016-04-26,5.917,6.005,6.005,5.869,123282.0,603002
2016-04-27,5.976,6.044,6.113,5.966,135116.0,603002
2016-04-28,6.035,5.966,6.054,5.82,113219.0,603002
2016-04-29,5.908,5.996,6.035,5.869,95131.0,603002
2016-05-03,6.005,6.191,6.191,5.937,116640.0,603002
2016-05-04,6.142,6.249,6.357,6.142,140848.0,603002
2016-05-05,6.249,6.249,6.298,6.142,87263.0,603002
2016-05-06,6.249,5.937,6.269,5.927,140331.0,603002
2016-05-09,5.839,5.742,5.908,5.693,86768.0,603002
2016-05-10,5.712,5.791,5.849,5.712,56267.0,603002
2016-05-11,5.82,5.634,5.878,5.625,59711.0,603002
2016-05-12,5.537,5.546,5.576,5.39,66997.0,603002
2016-05-13,5.498,5.419,5.605,5.38,63271.0,603002
2016-05-16,5.41,5.527,5.537,5.341,66218.0,603002
2016-05-17,5.527,5.468,5.556,5.419,58985.0,603002
2016-05-18,5.419,5.302,5.439,5.244,59453.0,603002
2016-05-19,5.332,5.664,5.83,5.273,233807.0,603002
2016-05-20,5.566,5.947,6.142,5.478,344039.0,603002
2016-05-23,5.986,5.996,6.083,5.83,217425.0,603002
2016-05-24,5.917,5.81,5.947,5.771,136467.0,603002
2016-05-25,5.869,5.751,5.937,5.683,120272.0,603002
2016-05-26,5.761,5.742,5.81,5.527,124937.0,603002
2016-05-27,5.693,6.259,6.318,5.683,496395.0,603002
2016-05-30,6.132,6.035,6.152,5.957,335112.0,603002
2016-05-31,5.986,6.23,6.249,5.986,297120.0,603002
2016-06-01,6.162,6.367,6.494,6.162,308249.0,603002
2016-06-02,6.308,6.455,6.513,6.279,283945.0,603002
2016-06-03,6.503,6.249,6.523,6.23,225340.0,603002
2016-06-06,6.259,6.259,6.308,6.171,127676.0,603002
2016-06-07,6.279,6.269,6.298,6.181,123588.0,603002
2016-06-08,6.259,6.171,6.259,6.083,137252.0,603002
2016-06-13,6.054,5.771,6.123,5.761,129415.0,603002
2016-06-14,5.712,5.8,5.83,5.703,86663.0,603002
2016-06-15,5.703,6.035,6.093,5.683,117762.0,603002
2016-06-16,6.035,6.083,6.201,5.996,118675.0,603002
2016-06-17,6.064,6.073,6.192,6.005,105268.0,603002
2016-06-20,6.054,6.005,6.083,5.808,193608.0,603002
2016-06-21,6.014,5.995,6.162,5.936,146485.0,603002
2016-06-22,5.965,6.113,6.152,5.926,109844.0,603002
2016-06-23,6.073,6.182,6.251,6.054,155072.0,603002
2016-06-24,6.162,6.024,6.201,5.808,147645.0,603002
2016-06-27,5.955,6.467,6.497,5.945,326914.0,603002
2016-06-28,6.753,7.117,7.117,6.605,627198.0,603002
2016-06-29,7.481,7.56,7.579,7.068,864639.0,603002
2016-06-30,7.373,7.56,7.658,7.324,537632.0,603002
2016-07-01,7.461,7.343,7.52,7.205,348486.0,603002
2016-07-04,7.265,7.324,7.343,7.137,330100.0,603002
2016-07-05,7.304,7.412,7.442,7.215,312173.0,603002
2016-07-06,7.343,7.333,7.373,7.235,196667.0,603002
2016-07-07,7.265,7.383,7.619,7.255,387589.0,603002
2016-07-08,7.314,7.205,7.383,7.186,188481.0,603002
2016-07-11,7.255,7.235,7.422,7.176,175426.0,603002
2016-07-12,7.196,7.077,7.235,6.822,290918.0,603002
2016-07-13,7.087,7.117,7.166,6.979,165583.0,603002
2016-07-14,7.087,7.048,7.097,6.999,125647.0,603002
2016-07-15,7.077,7.156,7.186,7.018,146944.0,603002
2016-07-18,7.137,6.959,7.146,6.92,160073.0,603002
2016-07-19,6.93,7.009,7.028,6.871,115818.0,603002
2016-07-20,6.999,7.333,7.461,6.95,351093.0,603002
2016-07-21,7.284,7.186,7.353,7.156,176960.0,603002
2016-07-22,7.196,7.068,7.225,6.999,114497.0,603002
2016-07-25,7.038,7.077,7.156,6.999,78656.0,603002
2016-07-26,7.077,7.117,7.146,7.038,91495.0,603002
2016-07-27,7.127,6.477,7.127,6.448,287700.0,603002
2016-07-28,6.507,6.575,6.644,6.379,130534.0,603002
2016-07-29,6.546,6.467,6.605,6.408,73646.0,603002
2016-08-01,6.448,6.27,6.467,6.152,88480.0,603002
2016-08-02,6.231,6.32,6.339,6.231,54662.0,603002
2016-08-03,6.32,6.329,6.379,6.29,54035.0,603002
2016-08-04,6.359,6.428,6.487,6.339,81006.0,603002
2016-08-05,6.379,6.32,6.418,6.31,62125.0,603002
2016-08-08,6.251,6.566,6.575,6.241,110626.0,603002
2016-08-09,6.536,6.585,6.625,6.467,91454.0,603002
2016-08-10,6.575,6.585,6.625,6.497,79598.0,603002
2016-08-11,6.546,6.349,6.556,6.349,79497.0,603002
2016-08-12,6.359,6.448,6.457,6.339,51748.0,603002
2016-08-15,6.457,6.585,6.605,6.448,118215.0,603002
2016-08-16,6.595,6.644,6.674,6.536,134710.0,603002
2016-08-17,6.595,6.546,6.605,6.457,175928.0,603002
2016-08-18,6.516,6.595,6.625,6.477,132096.0,603002
2016-08-19,6.575,6.536,6.615,6.477,83005.0,603002
2016-08-22,6.516,6.448,6.575,6.428,72103.0,603002
2016-08-23,6.438,6.408,6.487,6.329,70625.0,603002
2016-08-24,6.438,6.448,6.487,6.398,55576.0,603002
2016-08-25,6.457,6.369,6.457,6.251,86750.0,603002
2016-08-26,6.398,6.408,6.477,6.349,69048.0,603002
2016-08-29,6.349,6.516,6.575,6.349,84316.0,603002
2016-08-30,6.516,6.536,6.575,6.457,68725.0,603002
2016-08-31,6.477,6.507,6.526,6.398,69272.0,603002
2016-09-01,6.507,6.467,6.556,6.457,83128.0,603002
2016-09-02,6.448,6.526,6.615,6.408,107436.0,603002
2016-09-05,6.526,6.605,6.635,6.507,105681.0,603002
2016-09-06,6.615,6.871,6.93,6.585,249507.0,603002
2016-09-07,6.792,6.723,6.861,6.703,157778.0,603002
2016-09-08,6.723,6.782,6.871,6.694,110905.0,603002
2016-09-09,6.772,6.635,6.772,6.625,120628.0,603002
2016-09-12,6.497,6.31,6.507,6.29,112577.0,603002
2016-09-13,6.359,6.438,6.448,6.329,63951.0,603002
2016-09-14,6.379,6.477,6.575,6.349,112618.0,603002
2016-09-19,6.507,6.516,6.536,6.428,90826.0,603002
2016-09-20,6.526,6.477,6.546,6.448,73696.0,603002
2016-09-21,6.487,6.497,6.526,6.428,80773.0,603002
2016-09-22,6.516,6.507,6.536,6.448,101599.0,603002
2016-09-23,6.516,6.418,6.516,6.388,78606.0,603002
2016-09-26,6.398,6.172,6.467,6.152,133400.0,603002
2016-09-27,6.172,6.192,6.201,6.054,120086.0,603002
2016-09-28,6.152,6.123,6.162,6.073,88303.0,603002
2016-09-29,6.123,6.182,6.221,6.113,68702.0,603002
2016-09-30,6.182,6.26,6.32,6.172,74090.0,603002
2016-10-10,6.29,6.408,6.418,6.29,79975.0,603002
2016-10-11,6.388,6.467,6.477,6.369,85717.0,603002
2016-10-12,6.438,6.526,6.546,6.398,98687.0,603002
2016-10-13,6.526,6.487,6.546,6.467,68493.0,603002
2016-10-14,6.457,6.526,6.546,6.448,67011.0,603002
2016-10-17,6.546,6.467,6.595,6.438,82018.0,603002
2016-10-18,6.457,6.536,6.536,6.418,65149.0,603002
2016-10-19,6.546,6.546,6.625,6.526,65694.0,603002
2016-10-20,6.546,6.556,6.585,6.526,47462.0,603002
2016-10-21,6.556,6.487,6.635,6.448,73244.0,603002
2016-10-24,6.497,6.605,6.625,6.487,88866.0,603002
2016-10-25,6.635,6.635,6.644,6.566,61955.0,603002
2016-10-26,6.615,6.674,6.703,6.575,99658.0,603002
2016-10-27,6.644,6.762,6.841,6.644,143518.0,603002
2016-10-28,6.733,6.575,6.802,6.556,114290.0,603002
2016-10-31,6.546,6.585,6.595,6.487,63561.0,603002
2016-11-01,6.585,6.635,6.644,6.546,81354.0,603002
2016-11-02,6.605,6.556,6.644,6.546,66034.0,603002
2016-11-03,6.546,6.654,6.684,6.516,93883.0,603002
2016-11-04,6.595,6.703,6.792,6.595,115044.0,603002
2016-11-07,6.694,6.743,6.851,6.684,144915.0,603002
2016-11-08,6.772,6.782,6.812,6.733,108674.0,603002
2016-11-09,6.762,6.733,6.782,6.595,119794.0,603002
2016-11-10,6.762,6.871,6.94,6.762,158715.0,603002
2016-11-11,6.851,6.93,6.959,6.822,109366.0,603002
2016-11-14,6.95,6.93,7.048,6.89,113207.0,603002
2016-11-15,6.93,6.94,6.979,6.871,85448.0,603002
2016-11-16,6.95,6.95,6.979,6.89,79504.0,603002
2016-11-17,6.959,6.9,6.969,6.851,90252.0,603002
2016-11-18,6.9,6.831,6.92,6.792,93653.0,603002
2016-11-21,6.851,6.9,6.93,6.792,83667.0,603002
2016-11-22,6.9,6.92,6.93,6.861,99077.0,603002
2016-11-23,6.91,6.89,6.92,6.841,90795.0,603002
2016-11-24,6.89,6.851,6.94,6.822,87235.0,603002
2016-11-25,6.812,6.762,6.871,6.615,116056.0,603002
2016-11-28,6.762,6.743,6.792,6.694,80248.0,603002
2016-11-29,6.713,6.635,6.812,6.625,66078.0,603002
2016-11-30,6.654,6.654,6.674,6.605,59248.0,603002
2016-12-01,6.654,6.674,6.684,6.615,56467.0,603002
2016-12-02,6.674,6.457,6.674,6.438,95541.0,603002
2016-12-05,6.379,6.457,6.497,6.379,42543.0,603002
2016-12-06,6.438,6.526,6.566,6.438,52871.0,603002
2016-12-07,6.516,6.595,6.605,6.507,40022.0,603002
2016-12-08,6.595,6.516,6.625,6.487,45865.0,603002
2016-12-09,6.536,6.556,6.585,6.487,44140.0,603002
2016-12-12,6.546,6.162,6.546,6.123,88071.0,603002
2016-12-13,6.221,6.211,6.251,6.103,55363.0,603002
2016-12-14,6.221,6.201,6.26,6.162,39697.0,603002
2016-12-15,6.152,6.251,6.3,6.152,39909.0,603002
2016-12-16,6.241,6.379,6.398,6.241,43066.0,603002
2016-12-19,6.349,6.388,6.418,6.3,39200.0,603002
2016-12-20,6.349,6.408,6.428,6.349,33211.0,603002
2016-12-21,6.398,6.428,6.477,6.398,33109.0,603002
2016-12-22,6.428,6.448,6.448,6.398,29776.0,603002
2016-12-23,6.448,6.369,6.457,6.359,32965.0,603002
2016-12-26,6.349,6.398,6.408,6.231,39911.0,603002
2016-12-27,6.388,6.477,6.526,6.388,50931.0,603002
2016-12-28,6.487,6.477,6.566,6.467,43038.0,603002
2016-12-29,6.467,6.477,6.556,6.428,35104.0,603002
2016-12-30,6.497,6.536,6.556,6.477,41905.0,603002
2017-01-03,6.546,6.674,6.792,6.536,138657.0,603002
2017-01-04,6.684,6.684,6.713,6.605,86685.0,603002
2017-01-05,6.674,6.753,6.822,6.635,103303.0,603002
2017-01-06,6.694,6.743,6.861,6.674,84260.0,603002
2017-01-09,6.684,6.753,6.772,6.625,78166.0,603002
2017-01-10,6.743,6.684,6.762,6.674,62319.0,603002
2017-01-11,6.703,6.605,6.723,6.585,65090.0,603002
2017-01-12,6.556,6.516,6.644,6.477,79288.0,603002
2017-01-13,6.477,6.477,6.605,6.457,58205.0,603002
2017-01-16,6.418,6.152,6.457,5.906,113640.0,603002
2017-01-17,6.103,6.152,6.162,5.945,83999.0,603002
2017-01-18,6.142,6.103,6.182,6.073,37062.0,603002
2017-01-19,6.083,6.103,6.172,6.005,37649.0,603002
2017-01-20,6.113,6.201,6.231,6.024,47161.0,603002
2017-01-23,6.221,6.221,6.27,6.172,63796.0,603002
2017-01-24,6.241,6.211,6.241,6.162,41623.0,603002
2017-01-25,6.211,6.251,6.251,6.172,42781.0,603002
2017-01-26,6.221,6.251,6.27,6.221,38130.0,603002
2017-02-03,6.231,6.26,6.28,6.221,22199.0,603002
2017-02-06,6.251,6.29,6.3,6.221,47383.0,603002
2017-02-07,6.28,6.3,6.32,6.231,47278.0,603002
2017-02-08,6.3,6.398,6.467,6.26,95396.0,603002
2017-02-09,6.379,6.457,6.487,6.379,66165.0,603002
2017-02-10,6.457,6.556,6.575,6.428,84222.0,603002
2017-02-13,6.536,6.526,6.546,6.477,56097.0,603002
2017-02-14,6.497,6.536,6.546,6.457,48783.0,603002
2017-02-15,6.536,6.467,6.625,6.467,60420.0,603002
2017-02-16,6.477,6.684,6.713,6.457,144786.0,603002
2017-02-17,6.674,6.575,6.743,6.536,90723.0,603002
2017-02-20,6.575,6.615,6.625,6.516,48471.0,603002
2017-02-21,6.605,6.615,6.684,6.556,55239.0,603002
2017-02-22,6.595,6.723,6.753,6.595,93837.0,603002
2017-02-23,6.703,6.625,6.723,6.585,68198.0,603002
2017-02-24,6.625,6.664,6.694,6.585,50732.0,603002
2017-02-27,6.664,6.526,6.713,6.516,66360.0,603002
2017-02-28,6.556,6.566,6.605,6.497,66851.0,603002
2017-03-01,6.546,6.605,6.654,6.526,63926.0,603002
2017-03-02,6.585,6.507,6.664,6.497,71269.0,603002
2017-03-03,6.497,6.615,6.625,6.448,70744.0,603002
2017-03-06,6.625,6.713,6.743,6.605,117731.0,603002
2017-03-07,6.713,6.753,6.92,6.664,275728.0,603002
2017-03-08,6.743,6.684,6.822,6.644,101980.0,603002
2017-03-09,6.674,6.861,6.92,6.654,263870.0,603002
2017-03-10,6.802,6.802,6.861,6.713,117649.0,603002
2017-03-13,6.802,6.792,6.802,6.684,65961.0,603002
2017-03-14,6.802,6.753,6.802,6.713,71471.0,603002
2017-03-15,6.743,6.595,6.743,6.575,89005.0,603002
2017-03-16,6.605,6.694,6.713,6.605,68302.0,603002
2017-03-17,6.694,6.585,6.753,6.566,88988.0,603002
2017-03-20,6.575,6.654,6.664,6.546,51815.0,603002
2017-03-21,6.635,6.694,6.733,6.625,65013.0,603002
2017-03-22,6.684,6.723,6.733,6.615,73035.0,603002
2017-03-23,6.743,6.674,6.792,6.605,86192.0,603002
2017-03-24,6.743,6.743,6.89,6.684,198298.0,603002
2017-03-27,6.723,6.585,6.743,6.566,120061.0,603002
2017-03-28,6.575,6.487,6.595,6.448,94880.0,603002
2017-03-29,6.487,6.349,6.526,6.329,94803.0,603002
2017-03-30,6.339,6.201,6.359,6.103,135551.0,603002
2017-03-31,6.211,6.231,6.231,6.172,72847.0,603002
2017-04-05,6.211,6.349,6.379,6.211,74186.0,603002
2017-04-06,6.339,6.398,6.448,6.329,75380.0,603002
2017-04-07,6.398,6.379,6.398,6.31,52870.0,603002
2017-04-10,6.369,6.29,6.379,6.26,46833.0,603002
2017-04-11,6.28,6.388,6.398,6.241,64100.0,603002
2017-04-12,6.369,6.349,6.467,6.339,63119.0,603002
2017-04-13,6.349,6.359,6.398,6.32,44352.0,603002
2017-04-14,6.369,6.172,6.408,6.133,84437.0,603002
2017-04-17,6.172,6.024,6.192,5.995,65863.0,603002
2017-04-18,6.054,6.014,6.103,5.985,42600.0,603002
2017-04-19,6.024,5.965,6.054,5.877,71574.0,603002
2017-04-20,5.965,5.906,5.985,5.827,42341.0,603002
2017-04-21,5.916,5.965,5.985,5.857,38778.0,603002
2017-04-24,5.965,5.611,5.965,5.591,57196.0,603002
2017-04-25,5.68,5.621,5.749,5.581,45862.0,603002
2017-04-26,5.611,5.621,5.67,5.591,24022.0,603002
2017-04-27,5.66,5.67,5.69,5.424,46084.0,603002
2017-04-28,5.65,5.768,5.768,5.64,32845.0,603002
2017-05-02,5.719,5.739,5.778,5.719,24625.0,603002
2017-05-03,5.699,5.719,5.758,5.69,22096.0,603002
2017-05-04,5.729,5.758,5.808,5.67,36266.0,603002
2017-05-05,5.758,5.66,5.758,5.611,25253.0,603002
2017-05-08,5.621,5.512,5.66,5.512,26159.0,603002
2017-05-09,5.512,5.562,5.581,5.453,24373.0,603002
2017-05-10,5.562,5.434,5.611,5.384,31618.0,603002
2017-05-11,5.424,5.276,5.434,5.109,63608.0,603002
2017-05-12,5.266,5.237,5.296,5.168,28213.0,603002
2017-05-15,5.266,5.286,5.306,5.227,20920.0,603002
2017-05-16,5.296,5.443,5.463,5.237,39870.0,603002
2017-05-17,5.424,5.503,5.581,5.424,43636.0,603002
2017-05-18,5.463,5.493,5.542,5.433,22558.0,603002
2017-05-19,5.493,5.424,5.522,5.374,28254.0,603002
2017-05-22,5.424,5.196,5.463,5.177,44115.0,603002
2017-05-23,5.177,5.019,5.216,4.999,40798.0,603002
2017-05-24,4.969,5.117,5.127,4.969,27291.0,603002
2017-05-25,5.088,5.177,5.196,5.038,34633.0,603002
2017-05-26,5.167,5.177,5.226,5.098,18239.0,603002
2017-05-31,5.216,5.157,5.256,5.147,24910.0,603002
2017-06-01,5.147,4.989,5.187,4.959,35386.0,603002
2017-06-02,4.989,5.058,5.107,4.9,38776.0,603002
2017-06-05,5.058,5.098,5.167,5.038,25752.0,603002
2017-06-06,5.068,5.147,5.167,5.048,20512.0,603002
2017-06-07,5.157,5.236,5.256,5.127,36673.0,603002
2017-06-08,5.226,5.216,5.266,5.196,30364.0,603002
2017-06-09,5.196,5.177,5.216,5.107,26802.0,603002
2017-06-12,5.137,5.068,5.196,5.048,26981.0,603002
2017-06-13,5.058,5.177,5.177,5.028,30813.0,603002
2017-06-14,5.167,5.196,5.236,5.137,32997.0,603002
2017-06-15,5.157,5.256,5.295,5.157,48635.0,603002
2017-06-16,5.236,5.275,5.315,5.206,38773.0,603002
2017-06-19,5.285,5.295,5.345,5.236,34504.0,603002
2017-06-20,5.305,5.275,5.325,5.266,35461.0,603002
2017-06-21,5.295,5.295,5.315,5.246,28611.0,603002
2017-06-22,5.295,5.177,5.295,5.167,39297.0,603002
2017-06-23,5.157,5.177,5.216,5.107,28447.0,603002
2017-06-26,5.196,5.246,5.256,5.147,30736.0,603002
2017-06-27,5.256,5.246,5.295,5.206,30056.0,603002
2017-06-28,5.206,5.157,5.216,5.137,38604.0,603002
2017-06-29,5.167,5.187,5.236,5.147,35378.0,603002
2017-06-30,5.187,5.236,5.246,5.147,34192.0,603002
2017-07-03,5.236,5.275,5.285,5.187,46962.0,603002
2017-07-04,5.285,5.246,5.285,5.216,25654.0,603002
2017-07-05,5.236,5.295,5.315,5.226,42435.0,603002
2017-07-06,5.305,5.315,5.335,5.256,50795.0,603002
2017-07-07,5.315,5.325,5.325,5.266,39626.0,603002
2017-07-10,5.305,5.295,5.315,5.256,45281.0,603002
2017-07-11,5.275,5.187,5.285,5.177,51783.0,603002
2017-07-12,5.187,5.187,5.216,5.058,46135.0,603002
2017-07-13,5.187,5.187,5.236,5.117,35291.0,603002
2017-07-14,5.206,5.266,5.275,5.177,42944.0,603002
2017-07-17,5.246,5.019,5.266,4.94,74871.0,603002
2017-08-01,5.384,5.325,5.522,5.275,270615.0,603002
2017-08-02,5.275,5.592,5.809,5.275,322906.0,603002
2017-08-03,5.483,5.453,5.513,5.345,167042.0,603002
2017-08-04,5.424,5.354,5.532,5.345,128425.0,603002
2017-08-07,5.335,5.394,5.424,5.305,66929.0,603002
2017-08-08,5.384,5.364,5.414,5.325,57801.0,603002
2017-08-09,5.364,5.404,5.404,5.315,59881.0,603002
2017-08-10,5.384,5.275,5.414,5.246,74785.0,603002
2017-08-11,5.216,5.147,5.236,5.107,63436.0,603002
2017-08-14,5.137,5.216,5.226,5.127,46478.0,603002
2017-08-15,5.216,5.196,5.236,5.177,34940.0,603002
2017-08-16,5.206,5.256,5.266,5.167,46040.0,603002
2017-08-17,5.236,5.305,5.305,5.206,52760.0,603002
2017-08-18,5.256,5.275,5.305,5.236,46086.0,603002
2017-08-21,5.285,5.315,5.325,5.266,39703.0,603002
2017-08-22,5.315,5.236,5.315,5.216,42818.0,603002
2017-08-23,5.246,5.394,5.641,5.216,132795.0,603002
2017-08-24,5.354,5.315,5.394,5.236,67031.0,603002
2017-08-25,5.295,5.354,5.374,5.266,47194.0,603002
2017-08-28,5.354,5.404,5.424,5.335,58266.0,603002
2017-08-29,5.404,5.394,5.424,5.374,45995.0,603002
2017-08-30,5.394,5.394,5.433,5.384,46998.0,603002
2017-08-31,5.394,5.414,5.424,5.364,38683.0,603002
2017-09-01,5.414,5.522,5.522,5.384,71393.0,603002
2017-09-04,5.513,5.601,5.76,5.463,142219.0,603002
2017-09-05,5.572,5.71,5.76,5.562,108785.0,603002
2017-09-06,5.71,5.819,5.829,5.582,117391.0,603002
2017-09-07,5.937,5.71,6.016,5.71,132551.0,603002
2017-09-08,5.661,5.631,5.76,5.611,69893.0,603002
2017-09-11,5.611,5.7,5.72,5.582,46448.0,603002
2017-09-12,5.72,5.661,5.74,5.641,49536.0,603002
2017-09-13,5.641,5.671,5.68,5.611,34225.0,603002
2017-09-14,5.661,5.572,5.671,5.503,66606.0,603002
2017-09-15,5.582,5.601,5.621,5.532,35636.0,603002
2017-09-18,5.562,5.621,5.661,5.562,30761.0,603002
2017-09-19,5.592,5.71,5.76,5.592,74883.0,603002
2017-09-20,5.7,5.72,5.75,5.661,44642.0,603002
2017-09-21,5.69,5.661,5.789,5.661,37777.0,603002
2017-09-22,5.582,5.621,5.651,5.552,35753.0,603002
2017-09-25,5.631,5.493,5.651,5.493,32276.0,603002
2017-09-26,5.572,5.493,5.572,5.433,28650.0,603002
2017-09-27,5.483,5.592,5.601,5.453,29534.0,603002
2017-09-28,5.562,5.552,5.611,5.532,16927.0,603002
2017-09-29,5.601,5.641,5.651,5.552,22107.0,603002
2017-10-09,5.671,5.68,5.71,5.651,24411.0,603002
2017-10-10,5.68,5.73,5.75,5.651,40155.0,603002
2017-10-11,5.75,5.75,5.858,5.71,69107.0,603002
2017-10-12,5.829,5.68,5.848,5.631,33120.0,603002
2017-10-13,5.671,5.839,5.878,5.641,82677.0,603002
2017-10-16,5.799,5.779,5.888,5.661,63206.0,603002
2017-10-17,5.76,5.918,5.947,5.69,110988.0,603002
2017-10-18,5.927,5.829,5.957,5.799,71213.0,603002
2017-10-19,5.829,5.74,5.839,5.69,45558.0,603002
2017-10-20,5.73,5.848,5.868,5.671,36362.0,603002
2017-10-23,5.829,5.918,5.957,5.819,55843.0,603002
2017-10-24,5.918,5.809,5.927,5.789,49123.0,603002
2017-10-25,5.809,5.957,5.977,5.809,71180.0,603002
2017-10-26,5.947,5.918,5.967,5.878,46185.0,603002
2017-10-27,5.908,6.016,6.056,5.819,119920.0,603002
2017-10-30,5.967,6.066,6.125,5.76,164347.0,603002
2017-10-31,6.026,6.086,6.115,5.888,116645.0,603002
2017-11-01,6.086,5.967,6.086,5.947,67411.0,603002
2017-11-02,5.957,6.115,6.155,5.947,160475.0,603002
2017-11-03,6.115,5.829,6.125,5.819,132841.0,603002
2017-11-06,5.809,5.819,5.858,5.641,78595.0,603002
2017-11-07,5.779,5.7,5.839,5.671,74220.0,603002
2017-11-08,5.73,5.799,5.809,5.7,55895.0,603002
2017-11-09,5.779,5.839,5.848,5.75,41372.0,603002
2017-11-10,5.848,5.878,5.878,5.75,44449.0,603002
2017-11-13,5.868,5.69,5.908,5.68,73767.0,603002
2017-11-14,5.73,5.7,5.769,5.69,51621.0,603002
2017-11-15,5.74,6.016,6.273,5.69,337112.0,603002
2017-11-16,5.957,6.086,6.204,5.957,236000.0,603002
2017-11-17,6.036,5.927,6.105,5.918,125730.0,603002
2017-11-20,5.927,5.848,5.927,5.651,115459.0,603002
2017-11-21,5.858,6.293,6.431,5.848,347592.0,603002
2017-11-22,6.214,6.283,6.342,6.155,226813.0,603002
2017-11-23,6.234,6.006,6.263,5.997,137414.0,603002
2017-11-24,6.076,6.342,6.431,6.036,244801.0,603002
2017-11-27,6.273,6.263,6.402,6.224,148532.0,603002
2017-11-28,6.421,6.471,6.57,6.293,286458.0,603002
2017-11-29,6.402,6.639,6.757,6.372,351228.0,603002
2017-11-30,6.57,6.668,6.678,6.461,244643.0,603002
2017-12-01,6.639,6.619,6.668,6.451,225588.0,603002
2017-12-04,6.54,6.362,6.56,6.342,170076.0,603002
2017-12-05,6.372,5.73,6.372,5.73,303228.0,603002
2017-12-06,5.71,5.997,6.016,5.661,209476.0,603002
2017-12-07,6.006,6.026,6.076,5.927,145352.0,603002
2017-12-08,5.977,6.194,6.273,5.977,141926.0,603002
2017-12-11,6.155,6.204,6.234,6.105,88592.0,603002
2017-12-12,6.174,6.026,6.224,6.016,97874.0,603002
2017-12-13,5.937,6.234,6.244,5.937,112560.0,603002
2017-12-14,6.194,6.372,6.54,6.184,238439.0,603002
2017-12-15,6.421,6.362,6.471,6.253,142976.0,603002
2017-12-18,6.342,6.372,6.51,6.283,121233.0,603002
2017-12-19,6.323,6.362,6.431,6.293,77449.0,603002
2017-12-20,6.352,6.125,6.392,6.036,159416.0,603002
2017-12-21,6.115,6.214,6.303,6.026,114439.0,603002
2017-12-22,6.165,6.165,6.313,6.155,101170.0,603002
2017-12-25,6.125,5.868,6.174,5.76,189598.0,603002
2017-12-26,5.868,5.947,5.997,5.858,98244.0,603002
2017-12-27,5.937,6.125,6.372,5.898,196313.0,603002
2017-12-28,6.135,6.135,6.184,6.036,102786.0,603002
2017-12-29,6.135,6.155,6.244,6.115,102463.0,603002
2018-01-02,6.194,6.303,6.323,6.165,135150.0,603002
2018-01-03,6.273,6.303,6.303,6.165,156829.0,603002
2018-01-04,6.244,6.421,6.481,6.244,229462.0,603002
2018-01-05,6.402,6.392,6.55,6.253,199693.0,603002
2018-01-08,6.421,6.491,6.54,6.342,141697.0,603002
2018-01-09,6.481,6.362,6.481,6.323,126060.0,603002
2018-01-10,6.313,6.698,6.925,6.283,460963.0,603002
2018-01-11,6.688,6.718,6.777,6.56,196445.0,603002
2018-01-12,6.668,6.56,6.688,6.471,158609.0,603002
2018-01-15,6.53,6.451,6.56,6.332,126845.0,603002
2018-01-16,6.451,6.5,6.678,6.421,180381.0,603002
2018-01-17,6.431,6.313,6.461,6.184,168766.0,603002
2018-01-18,6.263,6.332,6.342,6.234,76000.0,603002
2018-01-19,6.332,6.194,6.392,6.145,123252.0,603002
2018-01-22,6.165,6.342,6.342,6.125,66423.0,603002
2018-01-23,6.313,6.313,6.392,6.204,72761.0,603002
2018-01-24,6.283,6.253,6.332,6.184,84416.0,603002
2018-01-25,6.204,6.095,6.273,6.086,86086.0,603002
2018-01-26,6.263,6.332,6.471,6.105,204005.0,603002
2018-01-29,6.283,6.115,6.293,6.026,149227.0,603002
2018-01-30,6.155,6.095,6.194,6.026,80789.0,603002
2018-01-31,6.036,6.006,6.184,5.957,79899.0,603002
2018-02-01,6.016,5.522,6.095,5.503,166316.0,603002
2018-02-02,5.522,5.354,5.572,5.266,109614.0,603002
2018-02-05,5.374,5.147,5.374,5.088,103354.0,603002
2018-02-06,5.048,4.861,5.078,4.841,123808.0,603002
2018-02-07,4.949,4.94,4.999,4.831,83550.0,603002
2018-02-08,4.94,5.028,5.117,4.94,74553.0,603002
2018-02-09,4.94,4.861,4.969,4.762,88653.0,603002
2018-02-12,4.9,4.999,5.068,4.9,48893.0,603002
2018-02-13,5.058,5.019,5.088,4.969,58550.0,603002
2018-02-14,5.019,4.989,5.019,4.949,28506.0,603002
2018-02-22,5.028,5.078,5.088,4.999,41471.0,603002
2018-02-23,5.078,5.078,5.098,5.028,36861.0,603002
2018-02-26,5.107,5.206,5.256,5.048,68424.0,603002
2018-02-27,5.216,5.206,5.335,5.167,62841.0,603002
2018-02-28,5.177,5.216,5.295,5.098,53302.0,603002
2018-03-01,5.177,5.295,5.295,5.147,75001.0,603002
2018-03-02,5.236,5.236,5.275,5.196,60331.0,603002
2018-03-05,5.246,5.216,5.256,5.147,51504.0,603002
2018-03-06,5.246,5.285,5.325,5.177,75193.0,603002
2018-03-07,5.266,5.246,5.335,5.236,54871.0,603002
2018-03-08,5.216,5.256,5.275,5.187,54992.0,603002
2018-03-09,5.246,5.345,5.374,5.216,96250.0,603002
2018-03-12,5.364,5.404,5.404,5.325,96571.0,603002
2018-03-13,5.404,5.325,5.404,5.315,59685.0,603002
2018-03-14,5.295,5.266,5.335,5.256,57578.0,603002
2018-03-15,5.246,5.147,5.266,5.098,68145.0,603002
2018-03-16,5.137,5.187,5.236,5.117,47137.0,603002
2018-03-19,5.206,5.196,5.226,5.098,48951.0,603002
2018-03-20,5.305,5.354,5.552,5.285,160763.0,603002
2018-03-21,5.295,5.256,5.354,5.246,106812.0,603002
2018-03-22,5.266,5.216,5.305,5.187,56727.0,603002
2018-03-23,5.107,4.841,5.107,4.791,116808.0,603002
2018-03-26,4.742,4.93,4.949,4.663,64871.0,603002
2018-03-27,4.94,5.019,5.028,4.93,82194.0,603002
2018-03-28,4.949,4.949,5.019,4.92,54706.0,603002
2018-03-29,4.949,5.019,5.019,4.92,72186.0,603002
2018-03-30,5.038,5.078,5.098,5.009,118030.0,603002
2018-04-02,5.117,5.177,5.187,5.088,121975.0,603002
2018-04-03,5.098,5.088,5.117,5.038,71377.0,603002
2018-04-04,5.107,5.009,5.117,4.999,59112.0,603002
2018-04-09,4.979,5.048,5.068,4.94,67224.0,603002
2018-04-10,5.048,5.196,5.256,4.979,143858.0,603002
2018-04-11,5.177,5.167,5.226,5.157,92606.0,603002
2018-04-12,5.187,5.117,5.187,5.098,56266.0,603002
2018-04-13,5.177,5.187,5.266,5.127,99860.0,603002
2018-04-16,5.137,5.068,5.167,5.028,60420.0,603002
2018-04-17,5.068,5.177,5.266,5.028,109884.0,603002
2018-04-18,5.196,5.315,5.335,5.127,152643.0,603002
2018-04-19,5.315,5.246,5.374,5.226,107061.0,603002
2018-04-20,5.216,5.305,5.414,5.187,127489.0,603002
2018-04-23,5.295,5.137,5.305,5.058,114319.0,603002
2018-04-24,5.137,5.305,5.315,5.078,90307.0,603002
2018-04-25,5.256,5.275,5.354,5.226,89401.0,603002
2018-04-26,5.256,5.107,5.275,5.098,70729.0,603002
2018-04-27,5.137,5.157,5.226,5.078,54917.0,603002
2018-05-02,5.098,4.949,5.167,4.9,96379.0,603002
2018-05-03,4.949,5.028,5.028,4.89,67022.0,603002
2018-05-04,5.019,4.979,5.117,4.969,63308.0,603002
2018-05-07,5.009,5.246,5.256,4.999,163830.0,603002
2018-05-08,5.552,5.424,5.769,5.325,426290.0,603002
2018-05-09,5.354,5.641,5.918,5.285,498431.0,603002
2018-05-10,5.592,5.503,5.631,5.394,273792.0,603002
2018-05-11,5.433,5.335,5.483,5.285,177924.0,603002
2018-05-14,5.285,5.236,5.354,5.187,138257.0,603002
2018-05-15,5.226,5.345,5.354,5.187,126954.0,603002
2018-05-16,5.295,5.453,5.572,5.285,211210.0,603002
2018-05-17,5.384,5.384,5.473,5.315,156216.0,603002
2018-05-18,5.404,5.443,5.532,5.404,146762.0,603002
2018-05-21,5.453,5.532,5.542,5.404,183140.0,603002
2018-05-22,5.513,5.493,5.532,5.433,110766.0,603002
2018-05-23,5.493,5.443,5.641,5.433,156037.0,603002
2018-05-24,5.404,5.404,5.453,5.285,97683.0,603002
2018-05-25,5.394,5.256,5.424,5.246,110395.0,603002
2018-05-28,5.266,5.167,5.285,5.147,73067.0,603002
2018-05-29,5.147,5.088,5.196,5.088,74387.0,603002
2018-05-30,5.038,4.9,5.068,4.861,110144.0,603002
2018-05-31,4.94,4.969,4.979,4.91,62682.0,603002
2018-06-01,4.949,4.91,4.969,4.821,70192.0,603002
2018-06-04,4.92,4.811,4.94,4.791,62825.0,603002
2018-06-05,4.861,4.89,4.9,4.821,56675.0,603002
2018-06-06,4.88,4.91,4.959,4.87,66490.0,603002
2018-06-07,4.92,4.91,4.94,4.87,41764.0,603002
2018-06-08,4.91,4.75,4.91,4.68,74996.0,603002
2018-06-11,4.73,4.79,4.85,4.66,60465.0,603002
2018-06-12,4.76,4.8,4.81,4.7,37813.0,603002
2018-06-13,4.78,4.57,4.78,4.53,74009.0,603002
2018-06-14,4.57,4.57,4.61,4.53,41267.0,603002
2018-06-15,4.58,4.5,4.6,4.34,82328.0,603002
2018-06-19,4.43,4.18,4.52,4.06,87347.0,603002
2018-06-20,4.17,4.26,4.35,4.1,57527.0,603002
2018-06-21,4.27,4.09,4.29,4.08,53239.0,603002
2018-06-22,4.08,4.17,4.2,4.03,41565.0,603002
2018-06-25,4.18,4.11,4.21,4.07,49307.0,603002
2018-06-26,4.03,4.19,4.19,4.03,42713.0,603002
2018-06-27,4.2,4.17,4.21,4.14,35555.0,603002
2018-06-28,4.17,4.12,4.2,4.11,26607.0,603002
2018-06-29,4.1,4.25,4.26,4.1,48102.0,603002
2018-07-02,4.25,4.14,4.27,4.09,48594.0,603002
2018-07-03,4.12,4.28,4.29,4.12,55801.0,603002
2018-07-04,4.25,4.25,4.27,4.14,58531.0,603002
2018-07-05,4.23,4.11,4.26,4.1,38034.0,603002
2018-07-06,4.14,4.13,4.23,4.06,61409.0,603002
2018-07-09,4.16,4.24,4.27,4.15,63160.0,603002
2018-07-10,4.24,4.25,4.26,4.2,45111.0,603002
2018-07-11,4.18,4.12,4.18,4.04,73117.0,603002
2018-07-12,4.14,4.23,4.26,4.12,66318.0,603002
2018-07-13,4.23,4.25,4.27,4.21,54159.0,603002
2018-07-16,4.24,4.24,4.27,4.17,42857.0,603002
2018-07-17,4.25,4.66,4.66,4.2,266409.0,603002
2018-07-18,4.7,4.51,4.75,4.48,291061.0,603002
2018-07-19,4.51,4.43,4.52,4.34,173210.0,603002
2018-07-20,4.39,4.46,4.54,4.36,128847.0,603002
2018-07-23,4.4,4.47,4.47,4.36,93715.0,603002
2018-07-24,4.46,4.55,4.56,4.42,109585.0,603002
2018-07-25,4.52,4.51,4.55,4.46,83254.0,603002
2018-07-26,4.51,4.55,4.63,4.46,94743.0,603002
2018-07-27,4.52,4.58,4.7,4.49,110342.0,603002
2018-07-30,4.53,4.44,4.58,4.36,86531.0,603002
2018-07-31,4.48,4.54,4.56,4.46,62705.0,603002
2018-08-01,4.46,4.39,4.52,4.35,87059.0,603002
2018-08-02,4.36,4.18,4.39,4.02,101014.0,603002
2018-08-03,4.17,4.16,4.21,4.14,37561.0,603002
2018-08-06,4.15,4.11,4.18,4.06,39772.0,603002
2018-08-07,4.14,4.27,4.31,4.11,82986.0,603002
2018-08-08,4.25,4.29,4.48,4.2,93184.0,603002
2018-08-09,4.27,4.37,4.4,4.25,84025.0,603002
2018-08-10,4.38,4.39,4.41,4.3,58360.0,603002
2018-08-13,4.32,4.37,4.39,4.27,43357.0,603002
2018-08-14,4.35,4.45,4.46,4.32,67013.0,603002
2018-08-15,4.45,4.6,4.66,4.43,283458.0,603002
2018-08-16,4.51,4.47,4.75,4.43,256591.0,603002
2018-08-17,4.42,4.26,4.49,4.24,147607.0,603002
2018-08-20,4.26,4.3,4.3,4.1,95405.0,603002
2018-08-21,4.25,4.29,4.36,4.21,76317.0,603002
2018-08-22,4.31,4.21,4.31,4.2,50566.0,603002
2018-08-23,4.21,4.28,4.31,4.19,55231.0,603002
2018-08-24,4.25,4.23,4.29,4.2,38690.0,603002
2018-08-27,4.22,4.34,4.4,4.22,90867.0,603002
2018-08-28,4.34,4.38,4.42,4.31,74199.0,603002
2018-08-29,4.39,4.35,4.58,4.34,57173.0,603002
