date,open,close,high,low,volume,code
2016-08-10,13.061,15.67,15.67,13.061,151.0,603569
2016-08-11,17.236,17.236,17.236,17.236,63.0,603569
2016-08-12,18.957,18.957,18.957,18.957,133.0,603569
2016-08-15,20.854,20.854,20.854,20.854,99.0,603569
2016-08-16,22.941,22.941,22.941,22.941,235.0,603569
2016-08-17,25.233,25.233,25.233,25.233,173.0,603569
2016-08-18,27.758,27.758,27.758,27.758,260.0,603569
2016-08-19,30.536,30.536,30.536,30.536,810.0,603569
2016-08-22,33.59,33.59,33.59,33.59,1712.0,603569
2016-08-23,36.947,36.947,36.947,36.947,1280.0,603569
2016-08-24,40.642,40.642,40.642,40.642,1226.0,603569
2016-08-25,44.704,44.704,44.704,42.314,219974.0,603569
2016-08-26,43.019,41.136,44.077,40.663,140044.0,603569
2016-08-29,40.191,38.576,40.191,38.167,102626.0,603569
2016-08-30,38.604,37.955,39.309,37.631,73776.0,603569
2016-08-31,37.659,38.513,39.091,37.032,77383.0,603569
2016-09-01,38.16,37.969,39.352,37.518,71602.0,603569
2016-09-02,37.377,37.335,38.012,37.194,53093.0,603569
2016-09-05,37.363,36.362,37.68,36.333,54912.0,603569
2016-09-06,36.39,36.489,36.658,35.261,52191.0,603569
2016-09-07,36.355,35.36,36.46,35.332,42759.0,603569
2016-09-08,35.29,35.205,35.967,34.972,35536.0,603569
2016-09-09,35.268,33.731,35.374,33.71,55380.0,603569
2016-09-12,32.8,32.899,33.456,32.49,37864.0,603569
2016-09-13,33.414,33.421,33.654,32.723,37219.0,603569
2016-09-14,33.082,32.779,33.484,32.708,30796.0,603569
2016-09-19,32.864,33.139,33.28,32.864,22356.0,603569
2016-09-20,33.174,33.301,33.851,32.991,33948.0,603569
2016-09-21,33.322,34.253,34.881,33.005,61957.0,603569
2016-09-22,34.07,33.604,34.408,33.52,44381.0,603569
2016-09-23,33.555,32.095,33.844,32.074,44131.0,603569
2016-09-26,31.778,29.598,31.94,29.422,47337.0,603569
2016-09-27,29.345,30.318,30.536,29.345,29965.0,603569
2016-09-28,30.149,29.852,30.431,29.697,18107.0,603569
2016-09-29,29.775,29.902,30.24,29.655,16980.0,603569
2016-09-30,29.866,29.782,30.043,29.62,17044.0,603569
2016-10-10,29.972,30.938,31.037,29.866,26377.0,603569
2016-10-11,30.91,31.284,31.333,30.409,32866.0,603569
2016-10-12,30.988,31.086,31.637,30.854,26708.0,603569
2016-10-13,31.094,30.607,31.347,30.586,22341.0,603569
2016-10-14,30.36,30.311,30.466,30.078,17889.0,603569
2016-10-17,30.466,33.343,33.343,30.395,105128.0,603569
2016-10-18,33.78,35.198,35.967,33.35,156159.0,603569
2016-10-19,34.874,35.501,36.672,34.07,128931.0,603569
2016-10-20,34.944,34.486,35.043,34.274,71327.0,603569
2016-10-21,34.246,36.178,36.531,34.133,112867.0,603569
2016-10-24,36.228,36.185,37.003,35.445,91700.0,603569
2016-10-25,35.685,35.452,36.164,34.979,63040.0,603569
2016-10-26,35.12,35.254,36.228,35.05,49172.0,603569
2016-10-27,35.191,37.095,37.363,35.113,91224.0,603569
2016-10-28,36.954,35.797,36.954,35.614,77270.0,603569
2016-10-31,34.909,34.881,35.579,34.556,40575.0,603569
2016-11-01,35.071,36.136,36.192,35.071,54302.0,603569
2016-11-02,35.826,37.589,38.562,35.41,113733.0,603569
2016-11-03,37.236,41.348,41.348,37.039,162110.0,603569
2016-11-04,42.666,43.174,45.403,41.362,189314.0,603569
2016-11-07,43.301,40.487,43.301,39.845,128224.0,603569
2016-11-08,40.762,42.032,42.49,39.5,114009.0,603569
2016-11-09,41.439,40.79,41.474,39.528,95509.0,603569
2016-11-10,40.776,42.61,43.336,40.212,134565.0,603569
2016-11-11,42.032,40.29,42.243,40.057,97186.0,603569
2016-11-14,39.599,38.054,39.62,37.871,70678.0,603569
2016-11-15,38.061,37.821,38.583,37.166,45054.0,603569
2016-11-16,37.906,37.377,38.216,37.292,31784.0,603569
2016-11-17,37.024,37.363,37.645,36.82,28519.0,603569
2016-11-18,37.659,37.377,38.273,37.187,39062.0,603569
2016-11-21,37.307,38.012,38.061,36.101,55151.0,603569
2016-11-22,37.941,38.823,39.034,37.659,65244.0,603569
2016-11-23,38.647,37.194,38.703,37.024,50045.0,603569
2016-11-24,37.166,35.811,37.518,35.72,38115.0,603569
2016-11-25,35.797,35.903,36.108,34.627,30308.0,603569
2016-11-28,36.037,34.888,36.079,34.754,23829.0,603569
2016-11-29,34.803,33.724,35.177,33.477,26944.0,603569
2016-11-30,33.71,33.886,34.182,33.576,16531.0,603569
2016-12-01,34.098,34.394,34.542,33.809,22583.0,603569
2016-12-02,34.415,33.463,34.549,33.442,21579.0,603569
2016-12-05,32.652,32.899,33.484,32.37,14617.0,603569
2016-12-06,33.089,34.338,34.542,33.089,34202.0,603569
2016-12-07,34.246,34.874,35.113,34.048,35363.0,603569
2016-12-08,34.556,33.985,34.768,33.921,23304.0,603569
2016-12-09,33.795,34.387,34.768,33.795,18934.0,603569
2016-12-12,34.563,30.945,34.655,30.945,33849.0,603569
2016-12-13,29.754,30.875,31.34,29.747,22725.0,603569
2016-12-14,30.875,30.015,31.122,29.972,18768.0,603569
2016-12-15,29.909,30.395,30.734,29.873,17296.0,603569
2016-12-16,30.205,30.833,30.854,30.17,19453.0,603569
2016-12-19,30.91,31.686,31.714,30.628,20524.0,603569
2016-12-20,31.383,31.552,32.356,31.171,24844.0,603569
2016-12-21,31.453,32.285,32.328,31.453,22103.0,603569
2016-12-22,32.426,32.504,32.624,31.876,24039.0,603569
2016-12-23,32.363,31.256,32.363,31.178,19590.0,603569
2016-12-26,31.101,31.763,31.876,30.325,19761.0,603569
2016-12-27,31.615,31.658,32.215,31.496,12962.0,603569
2016-12-28,31.672,30.847,31.919,30.755,12619.0,603569
2016-12-29,30.826,30.826,31.277,30.677,10604.0,603569
2016-12-30,30.854,30.889,31.256,30.713,8785.0,603569
2017-01-03,31.101,31.235,31.376,30.924,10196.0,603569
2017-01-04,31.03,31.369,31.418,31.016,13041.0,603569
2017-01-05,31.312,31.136,31.806,31.101,18110.0,603569
2017-01-06,31.03,29.274,31.101,29.267,34375.0,603569
2017-01-09,28.689,28.745,29.147,28.618,15023.0,603569
2017-01-10,28.794,28.696,29.07,28.632,10676.0,603569
2017-01-11,28.696,27.335,28.703,27.292,22884.0,603569
2017-01-12,27.447,26.665,27.574,26.658,12930.0,603569
2017-01-13,26.658,25.141,26.926,24.958,23542.0,603569
2017-01-16,25.127,23.258,25.127,22.631,25044.0,603569
2017-01-17,22.955,24.041,24.26,22.708,21648.0,603569
2017-01-18,23.837,23.435,23.971,23.414,10778.0,603569
2017-01-19,23.294,23.752,24.161,23.061,16462.0,603569
2017-01-20,23.653,24.26,24.38,23.653,15330.0,603569
2017-01-23,24.359,24.344,24.669,24.196,11553.0,603569
2017-01-24,24.359,23.738,24.401,23.696,10406.0,603569
2017-01-25,23.675,24.02,24.154,23.576,8311.0,603569
2017-01-26,24.02,24.161,24.323,23.999,8051.0,603569
2017-02-03,24.161,23.978,24.295,23.851,5409.0,603569
2017-02-06,24.189,24.81,24.895,24.055,14337.0,603569
2017-02-07,24.81,24.549,24.81,24.33,12156.0,603569
2017-02-08,24.662,25.085,25.148,24.26,17542.0,603569
2017-02-09,24.916,25.423,25.847,24.916,22007.0,603569
2017-02-10,25.459,25.261,25.593,24.895,15798.0,603569
2017-02-13,26.573,27.786,27.786,26.573,55405.0,603569
2017-02-14,27.786,27.398,27.786,27.158,44114.0,603569
2017-02-15,27.222,27.158,27.497,26.728,38978.0,603569
2017-02-16,26.799,27.067,27.194,26.58,22971.0,603569
2017-02-17,27.109,25.988,27.18,25.6,26807.0,603569
2017-02-20,25.811,26.418,26.446,25.402,20987.0,603569
2017-02-21,26.439,26.714,27.123,26.439,21750.0,603569
2017-02-22,26.658,26.474,26.7,26.312,13612.0,603569
2017-02-23,26.474,26.502,26.707,26.086,17108.0,603569
2017-02-24,26.376,27.412,27.483,26.277,38240.0,603569
2017-02-27,27.222,27.109,28.9,26.841,44952.0,603569
2017-02-28,26.806,28.978,29.267,26.728,79742.0,603569
2017-03-01,28.421,27.744,29.591,27.652,71036.0,603569
2017-03-02,27.666,27.038,27.701,26.869,34194.0,603569
2017-03-03,26.658,26.813,26.996,26.587,19622.0,603569
2017-03-06,26.89,27.299,27.419,26.89,17525.0,603569
2017-03-07,27.222,27.433,27.469,27.01,20278.0,603569
2017-03-08,27.497,27.941,28.061,27.497,30950.0,603569
2017-03-09,27.857,27.257,27.857,27.151,19084.0,603569
2017-03-10,27.306,27.081,27.56,26.989,14964.0,603569
2017-03-13,26.855,26.968,27.024,26.185,19103.0,603569
2017-03-14,26.933,28.202,28.519,26.933,57133.0,603569
2017-03-15,27.998,28.125,28.308,27.433,30657.0,603569
2017-03-16,27.927,28.893,29.281,27.814,60216.0,603569
2017-03-17,28.844,28.378,29.62,28.273,56735.0,603569
2017-03-20,28.216,28.519,28.773,27.998,21995.0,603569
2017-03-21,28.512,28.717,29.93,28.301,43569.0,603569
2017-03-22,28.301,28.308,28.491,27.574,31113.0,603569
2017-03-23,28.244,28.117,28.505,27.61,32092.0,603569
2017-03-24,27.913,27.765,28.287,27.631,24225.0,603569
2017-03-27,27.779,27.659,28.04,27.504,18139.0,603569
2017-03-28,27.659,26.862,27.744,26.813,19941.0,603569
2017-03-29,26.862,25.297,27.003,25.148,34051.0,603569
2017-03-30,25.212,24.612,25.247,24.436,20090.0,603569
2017-03-31,24.577,24.394,24.803,23.907,16759.0,603569
2017-04-05,26.834,26.834,26.834,26.15,40308.0,603569
2017-04-06,29.479,29.521,29.521,28.632,63512.0,603569
2017-04-07,30.318,31.037,32.476,29.359,168449.0,603569
2017-04-10,29.796,32.046,33.364,29.711,155134.0,603569
2017-04-11,31.721,33.386,34.204,31.242,150921.0,603569
2017-04-12,31.735,30.05,32.13,30.05,88476.0,603569
2017-04-13,28.562,29.711,30.84,28.421,69606.0,603569
2017-04-14,30.219,29.514,30.487,29.345,49059.0,603569
2017-04-17,28.505,26.566,29.26,26.566,53320.0,603569
2017-04-18,26.566,26.481,27.455,26.305,40635.0,603569
2017-04-19,25.882,27.955,28.562,25.882,55580.0,603569
2017-04-20,27.885,26.707,27.885,26.136,43461.0,603569
2017-04-21,26.707,26.94,27.786,26.552,40407.0,603569
2017-04-24,26.792,25.014,26.947,24.88,36120.0,603569
2017-04-25,25.071,25.593,26.256,25.071,35051.0,603569
2017-04-26,25.579,26.446,26.467,25.473,45904.0,603569
2017-04-27,26.093,26.728,27.151,25.565,53016.0,603569
2017-04-28,25.903,26.474,26.975,25.903,37819.0,603569
2017-05-02,26.495,27.06,27.264,26.383,44010.0,603569
2017-05-03,26.904,25.699,26.904,24.718,42949.0,603569
2017-05-04,25.459,25.981,26.792,25.163,42813.0,603569
2017-05-05,25.833,24.831,25.847,24.725,34073.0,603569
2017-05-08,24.923,23.301,25.148,23.258,28166.0,603569
2017-05-09,23.068,23.632,23.879,22.92,16866.0,603569
2017-05-10,23.639,23.28,23.971,22.92,19962.0,603569
2017-05-11,23.414,23.082,23.414,21.756,23119.0,603569
2017-05-12,22.955,23.11,23.258,22.61,17255.0,603569
2017-05-15,23.061,23.971,24.873,22.849,27535.0,603569
2017-05-16,24.493,26.369,26.369,24.211,37113.0,603569
2017-05-17,28.83,27.44,28.83,27.081,103714.0,603569
2017-05-18,26.954,26.919,27.857,26.404,65445.0,603569
2017-05-19,26.446,26.495,27.172,26.446,36401.0,603569
2017-05-22,25.649,24.634,26.354,24.471,39787.0,603569
2017-05-23,24.048,23.971,25.388,22.92,41916.0,603569
2017-05-24,23.28,24.5,24.761,23.28,32537.0,603569
2017-05-25,24.366,24.909,25.184,24.062,33300.0,603569
2017-05-26,25.064,25.156,25.642,24.69,42654.0,603569
2017-05-31,25.811,24.683,26.051,24.612,34129.0,603569
2017-06-01,23.773,23.124,24.478,23.061,27036.0,603569
2017-06-02,23.245,23.905,24.011,23.245,24376.0,603569
2017-06-05,24.039,23.848,24.613,23.819,18417.0,603569
2017-06-06,24.124,24.167,24.486,23.954,20303.0,603569
2017-06-07,23.99,25.542,26.583,23.99,55391.0,603569
2017-06-08,25.492,26.073,26.399,22.99,64546.0,603569
2017-06-09,25.917,25.4,25.931,25.272,35770.0,603569
2017-06-12,25.152,24.259,25.357,24.195,29542.0,603569
2017-06-13,24.273,24.677,24.968,24.167,21665.0,603569
2017-06-14,24.698,24.316,24.854,24.245,18294.0,603569
2017-06-15,24.167,24.805,24.996,24.167,24162.0,603569
2017-06-16,24.989,24.557,25.173,24.5,18805.0,603569
2017-06-19,24.557,24.705,24.79,24.386,13467.0,603569
2017-06-20,24.953,24.741,25.074,24.585,18838.0,603569
2017-06-21,24.741,24.663,24.762,24.202,20667.0,603569
2017-06-22,24.677,23.607,24.705,23.408,19904.0,603569
2017-06-23,23.607,23.72,23.982,23.033,18823.0,603569
2017-06-26,23.947,23.72,23.947,23.423,11075.0,603569
2017-06-27,23.791,23.642,23.947,23.557,9760.0,603569
2017-06-28,23.394,23.437,23.713,23.146,12407.0,603569
2017-06-29,23.6,23.586,23.812,23.423,8829.0,603569
2017-06-30,23.578,23.692,23.99,23.196,11796.0,603569
2017-07-03,23.699,23.784,23.819,23.493,10331.0,603569
2017-07-04,23.784,23.564,23.94,23.387,7693.0,603569
2017-07-05,23.529,23.791,23.805,23.43,9913.0,603569
2017-07-06,23.954,23.564,23.954,23.302,14495.0,603569
2017-07-07,23.373,23.607,23.678,23.373,11459.0,603569
2017-07-10,23.6,23.125,23.607,23.118,14875.0,603569
2017-07-11,23.047,22.714,23.38,22.678,11464.0,603569
2017-07-12,22.487,22.473,22.785,21.863,15775.0,603569
2017-07-13,22.381,22.097,22.381,22.034,9787.0,603569
2017-07-14,22.218,23.274,23.501,22.048,20355.0,603569
2017-07-17,22.678,21.523,22.82,20.985,20995.0,603569
2017-07-18,20.999,21.736,22.005,20.999,10389.0,603569
2017-07-19,21.75,21.715,21.892,21.332,9688.0,603569
2017-07-20,21.715,21.523,21.92,21.488,10162.0,603569
2017-07-21,21.523,21.275,21.58,21.226,9153.0,603569
2017-07-24,21.204,21.119,21.261,20.921,11431.0,603569
2017-07-25,21.105,20.893,21.296,20.779,10470.0,603569
2017-07-26,20.893,20.559,21.034,20.375,11508.0,603569
2017-07-27,20.425,20.893,20.949,20.418,14497.0,603569
2017-07-28,20.864,20.999,21.19,20.751,12874.0,603569
2017-07-31,20.956,20.893,21.126,20.772,5972.0,603569
2017-08-01,21.098,21.013,21.098,20.836,9556.0,603569
2017-08-02,21.013,20.588,21.013,20.567,11286.0,603569
2017-08-03,20.602,21.211,21.573,20.411,19074.0,603569
2017-08-04,21.119,20.744,21.141,20.694,11510.0,603569
2017-08-07,20.737,20.63,20.871,20.545,7030.0,603569
2017-08-08,20.9,20.786,21.204,20.666,9114.0,603569
2017-08-09,20.673,20.503,20.701,20.439,11088.0,603569
2017-08-10,20.503,20.73,20.942,20.446,13884.0,603569
2017-08-11,20.694,20.822,21.24,20.574,14667.0,603569
2017-08-14,20.673,21.105,21.119,20.673,15123.0,603569
2017-08-15,21.112,21.7,22.246,20.999,29809.0,603569
2017-08-16,21.7,21.467,21.7,21.247,14217.0,603569
2017-08-17,21.438,21.8,22.608,21.304,23525.0,603569
2017-08-18,21.438,21.438,21.729,21.382,14266.0,603569
2017-08-21,21.19,21.488,21.658,21.19,11277.0,603569
2017-08-22,21.488,21.24,21.516,21.197,9512.0,603569
2017-08-23,21.233,21.311,21.644,21.105,8635.0,603569
2017-08-24,21.311,21.41,21.63,21.119,14018.0,603569
2017-08-25,21.325,21.516,21.559,21.176,11692.0,603569
2017-08-28,21.516,21.743,21.948,21.424,15266.0,603569
2017-08-29,21.743,21.7,22.111,21.559,21965.0,603569
2017-08-30,21.594,21.665,21.956,21.587,11431.0,603569
2017-08-31,21.708,21.686,21.828,21.481,12084.0,603569
2017-09-01,21.7,21.644,21.934,21.58,12053.0,603569
2017-09-04,21.552,21.523,21.75,21.41,11286.0,603569
2017-09-05,21.615,21.835,22.111,21.545,20768.0,603569
2017-09-06,21.686,21.743,21.92,21.452,15169.0,603569
2017-09-07,21.729,21.899,22.062,21.644,22005.0,603569
2017-09-08,22.147,22.352,23.309,22.133,42239.0,603569
2017-09-11,22.133,22.367,22.6,22.111,21310.0,603569
2017-09-12,22.324,21.913,22.345,21.828,20152.0,603569
2017-09-13,21.863,21.97,22.09,21.722,9705.0,603569
2017-09-14,21.977,22.076,22.211,21.913,12730.0,603569
2017-09-15,22.055,21.821,22.083,21.743,10695.0,603569
2017-09-18,21.771,22.012,22.041,21.7,10149.0,603569
2017-09-19,21.984,22.367,23.012,21.878,33265.0,603569
2017-09-20,22.338,22.274,22.572,22.041,19762.0,603569
2017-09-21,22.154,22.168,22.53,22.076,18940.0,603569
2017-09-22,22.175,22.544,22.593,21.998,22215.0,603569
2017-09-25,22.494,22.197,22.53,22.062,13266.0,603569
2017-09-26,21.984,21.637,22.246,21.417,17726.0,603569
2017-09-27,21.622,21.842,22.14,21.622,11738.0,603569
2017-09-28,21.63,22.055,22.324,21.63,18834.0,603569
2017-09-29,21.97,22.161,22.331,21.863,14806.0,603569
2017-10-09,22.459,22.239,22.487,22.182,12778.0,603569
2017-10-10,22.239,22.629,22.65,22.189,21645.0,603569
2017-10-11,22.749,23.408,23.586,22.558,61193.0,603569
2017-10-12,23.352,23.047,23.451,22.891,32410.0,603569
2017-10-13,23.175,22.969,23.267,22.841,25178.0,603569
2017-10-16,22.891,22.168,23.012,22.147,21552.0,603569
2017-10-17,22.083,23.238,23.812,21.991,47179.0,603569
2017-10-18,23.104,22.622,23.132,22.537,28572.0,603569
2017-10-19,22.523,23.16,23.6,22.523,40107.0,603569
2017-10-20,23.812,24.096,24.578,23.387,77168.0,603569
2017-10-23,24.16,24.627,25.747,23.742,88048.0,603569
2017-10-24,24.273,23.756,24.294,23.302,53063.0,603569
2017-10-25,23.6,24.089,24.096,23.373,31808.0,603569
2017-10-26,23.855,23.734,24.018,23.6,22843.0,603569
2017-10-27,23.727,23.089,23.926,22.976,30016.0,603569
2017-10-30,23.146,22.168,23.203,21.991,29881.0,603569
2017-10-31,22.111,22.799,22.905,21.977,23186.0,603569
2017-11-01,22.905,22.473,22.905,22.395,17731.0,603569
2017-11-02,22.423,21.984,22.423,21.97,17195.0,603569
2017-11-03,22.069,21.389,22.218,21.233,17093.0,603569
2017-11-06,21.332,21.594,21.608,21.162,11322.0,603569
2017-11-07,21.587,21.467,21.601,21.148,14521.0,603569
2017-11-08,21.261,21.637,21.757,21.24,13744.0,603569
2017-11-09,21.665,21.729,21.885,21.545,11616.0,603569
2017-11-10,21.814,21.452,21.856,21.304,14149.0,603569
2017-11-13,21.452,21.176,21.545,20.978,16579.0,603569
2017-11-14,21.084,20.581,21.183,20.481,16033.0,603569
2017-11-15,20.581,20.687,20.701,20.411,8984.0,603569
2017-11-16,20.68,20.276,20.68,20.255,8544.0,603569
2017-11-17,20.354,18.759,20.354,18.44,19866.0,603569
2017-11-20,18.731,18.596,18.731,17.441,14018.0,603569
2017-11-21,18.377,18.504,18.844,18.107,9960.0,603569
2017-11-22,18.766,18.242,18.766,18.143,9427.0,603569
2017-11-23,17.873,18.129,18.398,17.873,9240.0,603569
2017-11-24,18.072,17.838,18.299,17.824,6309.0,603569
2017-11-27,17.824,17.71,18.072,17.661,5291.0,603569
2017-11-28,17.732,18.008,18.044,17.718,6263.0,603569
2017-11-29,17.902,17.866,18.044,17.64,5756.0,603569
2017-11-30,18.001,17.781,18.001,17.739,7639.0,603569
2017-12-01,17.781,17.951,17.987,17.519,7541.0,603569
2017-12-04,17.873,17.604,17.937,17.505,7589.0,603569
2017-12-05,17.625,16.442,17.647,16.3,13408.0,603569
2017-12-06,16.725,17.044,17.363,16.725,12360.0,603569
2017-12-07,16.725,17.2,17.342,16.711,9430.0,603569
2017-12-08,17.2,18.129,18.37,17.2,21374.0,603569
2017-12-11,18.072,18.129,18.143,17.732,11977.0,603569
2017-12-12,17.98,17.668,18.27,17.654,11293.0,603569
2017-12-13,17.668,17.547,17.767,17.477,6505.0,603569
2017-12-14,17.576,17.413,17.682,17.229,6990.0,603569
2017-12-15,17.434,17.491,17.618,17.285,6735.0,603569
2017-12-18,17.505,17.47,17.562,17.264,6396.0,603569
2017-12-19,17.448,17.491,17.583,17.307,5261.0,603569
2017-12-20,17.491,17.264,17.555,17.101,5861.0,603569
2017-12-21,17.285,16.995,17.285,16.725,5268.0,603569
2017-12-22,17.037,17.002,17.115,16.725,4743.0,603569
2017-12-25,17.151,16.853,17.151,16.789,4491.0,603569
2017-12-26,16.853,17.356,17.42,16.669,10546.0,603569
2017-12-27,17.342,16.973,17.356,16.938,8439.0,603569
2017-12-28,16.945,16.952,17.129,16.761,5443.0,603569
2017-12-29,16.959,17.144,17.165,16.952,5484.0,603569
2018-01-02,17.214,17.285,17.321,17.058,7407.0,603569
2018-01-03,17.285,17.64,18.143,17.236,16481.0,603569
2018-01-04,17.597,18.348,18.483,17.505,27999.0,603569
2018-01-05,18.178,18.065,18.256,17.909,14460.0,603569
2018-01-08,17.966,17.767,18.072,17.597,10479.0,603569
2018-01-09,17.668,17.781,17.916,17.633,7199.0,603569
2018-01-10,17.774,17.562,17.987,17.427,7603.0,603569
2018-01-11,17.583,17.803,17.824,17.434,8243.0,603569
2018-01-12,17.803,17.633,17.803,17.569,5647.0,603569
2018-01-15,17.64,16.952,17.76,16.938,8278.0,603569
2018-01-16,16.938,17.25,17.314,16.832,6525.0,603569
2018-01-17,17.25,17.229,17.314,16.839,7761.0,603569
2018-01-18,17.207,17.179,17.292,16.91,4409.0,603569
2018-01-19,17.356,17.122,17.399,17.03,4843.0,603569
2018-01-22,17.094,17.264,17.278,16.903,4731.0,603569
2018-01-23,17.321,17.498,17.54,17.129,7314.0,603569
2018-01-24,17.718,17.71,18.086,17.562,11474.0,603569
2018-01-25,17.526,17.555,17.852,17.512,7616.0,603569
2018-01-26,17.491,17.583,17.661,17.491,5183.0,603569
2018-01-29,17.696,17.207,17.852,17.136,6304.0,603569
2018-01-30,17.406,17.101,17.491,17.058,4001.0,603569
2018-01-31,17.115,17.002,17.115,16.803,6079.0,603569
2018-02-01,17.002,16.825,17.058,15.733,16787.0,603569
2018-02-02,16.357,16.711,16.973,15.861,7907.0,603569
2018-02-05,16.336,16.995,17.002,16.336,7176.0,603569
2018-02-06,16.718,16.385,16.903,16.158,5976.0,603569
2018-02-07,16.421,16.251,16.782,15.839,4669.0,603569
2018-02-08,16.073,16.258,16.428,15.953,3276.0,603569
2018-02-09,16.165,15.464,16.165,15.322,6648.0,603569
2018-02-12,15.471,15.655,15.776,15.471,3735.0,603569
2018-02-13,15.669,15.563,15.932,15.556,2745.0,603569
2018-02-14,15.563,15.535,15.719,15.45,2165.0,603569
2018-02-22,15.776,15.825,15.896,15.641,3457.0,603569
2018-02-23,15.832,16.017,16.265,15.776,5052.0,603569
2018-02-26,15.946,16.506,16.711,15.946,8541.0,603569
2018-02-27,16.293,16.364,16.456,16.293,5473.0,603569
2018-02-28,16.343,16.286,16.371,16.059,4570.0,603569
2018-03-01,16.088,16.399,16.456,16.002,5523.0,603569
2018-03-02,16.144,16.421,16.598,16.144,4275.0,603569
2018-03-05,16.414,16.421,16.577,16.307,4965.0,603569
2018-03-06,16.548,16.584,16.839,16.385,7360.0,603569
2018-03-07,16.647,16.385,16.647,16.357,3975.0,603569
2018-03-08,16.385,16.761,16.832,16.371,8516.0,603569
2018-03-09,16.747,16.853,16.952,16.626,8499.0,603569
2018-03-12,16.86,17.094,17.2,16.86,8843.0,603569
2018-03-13,17.094,16.832,17.094,16.761,6022.0,603569
2018-03-14,16.81,16.818,16.995,16.768,3701.0,603569
2018-03-15,16.655,16.499,16.924,16.385,5314.0,603569
2018-03-16,16.647,16.577,16.796,16.506,4159.0,603569
2018-03-19,16.548,16.818,16.903,16.421,5739.0,603569
2018-03-20,16.555,17.746,18.355,16.555,13999.0,603569
2018-03-21,17.725,17.044,17.725,16.952,14789.0,603569
2018-03-22,17.172,16.825,17.179,16.782,7112.0,603569
2018-03-23,16.47,15.492,16.47,15.35,11714.0,603569
2018-03-26,15.322,15.379,15.485,14.252,11266.0,603569
2018-03-27,15.45,15.535,15.79,15.45,11090.0,603569
2018-03-28,15.273,15.464,15.797,15.152,8887.0,603569
2018-03-29,15.521,15.669,15.769,15.521,7678.0,603569
2018-03-30,15.719,15.804,16.123,15.719,7986.0,603569
2018-04-02,15.91,15.832,15.917,15.669,7454.0,603569
2018-04-03,15.705,16.102,16.718,15.244,13032.0,603569
2018-04-04,16.017,16.258,16.655,15.917,16721.0,603569
2018-04-09,16.258,16.506,16.655,16.052,10101.0,603569
2018-04-10,16.506,16.116,16.506,15.91,10870.0,603569
2018-04-11,16.194,16.066,16.541,15.953,11801.0,603569
2018-04-12,16.144,16.321,16.477,16.109,10864.0,603569
2018-04-13,16.463,16.215,16.477,16.031,6870.0,603569
2018-04-16,16.031,15.669,16.208,15.237,10869.0,603569
2018-04-17,15.414,15.436,15.946,15.4,6745.0,603569
2018-04-18,15.45,15.854,15.917,15.443,9298.0,603569
2018-04-19,15.854,15.776,16.052,15.669,7344.0,603569
2018-04-20,15.776,15.436,15.903,15.372,6794.0,603569
2018-04-23,15.521,15.251,15.769,15.088,6170.0,603569
2018-04-24,15.273,15.648,15.698,15.273,7878.0,603569
2018-04-25,15.825,15.797,15.861,15.613,5489.0,603569
2018-04-26,15.719,15.436,15.903,15.4,5408.0,603569
2018-04-27,15.45,15.946,16.867,15.45,9077.0,603569
2018-05-02,16.421,16.598,16.655,16.073,19008.0,603569
2018-05-03,16.3,17.363,17.689,16.3,33987.0,603569
2018-05-04,17.165,17.207,17.569,17.037,17273.0,603569
2018-05-07,17.221,17.647,17.916,17.051,20519.0,603569
2018-05-08,17.633,17.392,17.71,17.377,13622.0,603569
2018-05-09,17.392,17.916,17.93,17.392,22313.0,603569
2018-05-10,17.859,17.831,18.044,17.781,12985.0,603569
2018-05-11,18.129,17.654,18.207,17.47,17132.0,603569
2018-05-14,17.647,18.051,18.136,17.647,14716.0,603569
2018-05-15,17.824,18.568,18.66,17.739,19254.0,603569
2018-05-16,18.525,18.285,18.525,18.157,13179.0,603569
2018-05-17,18.554,18.568,19.263,18.554,24168.0,603569
2018-05-18,18.107,17.973,18.355,17.434,23665.0,603569
2018-05-21,18.001,17.866,18.228,17.746,14265.0,603569
2018-05-22,17.767,18.214,18.341,17.725,13214.0,603569
2018-05-23,18.674,18.469,19.057,18.405,17260.0,603569
2018-05-24,18.412,18.426,18.667,18.114,10602.0,603569
2018-05-25,18.426,18.533,18.766,18.207,8959.0,603569
2018-05-28,18.54,18.015,18.611,17.76,7928.0,603569
2018-05-29,18.036,17.292,18.072,17.243,12327.0,603569
2018-05-30,17.08,17.321,17.788,17.016,14343.0,603569
2018-05-31,17.81,18.17,18.19,17.49,15528.0,603569
2018-06-01,18.13,18.02,18.74,17.83,27747.0,603569
2018-06-04,17.94,17.75,18.11,17.3,16636.0,603569
2018-06-05,17.59,18.75,18.79,17.59,32943.0,603569
2018-06-06,18.5,19.28,19.3,18.33,52035.0,603569
2018-06-07,19.23,18.8,19.23,18.47,33067.0,603569
2018-06-08,18.69,17.89,18.69,17.6,28157.0,603569
2018-06-11,17.97,17.3,18.14,17.05,15035.0,603569
2018-06-12,17.46,17.5,17.63,17.05,12050.0,603569
2018-06-13,17.58,17.04,17.58,17.01,10481.0,603569
2018-06-14,16.78,16.28,16.88,16.17,16366.0,603569
2018-06-15,16.42,15.77,16.42,15.51,15612.0,603569
2018-06-19,15.64,14.62,15.64,14.24,19809.0,603569
2018-06-20,14.6,14.56,14.77,14.17,16028.0,603569
2018-06-21,14.56,13.74,14.68,13.42,18028.0,603569
2018-06-22,13.56,13.87,14.0,13.31,10681.0,603569
2018-06-25,13.97,13.9,14.32,13.85,12949.0,603569
2018-06-26,13.81,14.18,14.24,13.56,12085.0,603569
2018-06-27,14.18,14.32,14.46,14.0,12375.0,603569
2018-06-28,14.32,13.87,14.47,13.86,9203.0,603569
2018-06-29,13.87,14.28,14.37,13.87,10020.0,603569
2018-07-02,14.32,14.27,14.64,14.24,11549.0,603569
2018-07-03,14.12,14.48,14.52,14.12,10144.0,603569
2018-07-04,14.25,14.46,14.62,14.25,7507.0,603569
2018-07-05,14.44,13.95,14.54,13.53,8198.0,603569
2018-07-06,13.6,13.78,14.2,13.4,9449.0,603569
2018-07-09,13.88,14.16,14.28,13.8,6831.0,603569
2018-07-10,14.18,14.22,14.46,14.16,7846.0,603569
2018-07-11,14.22,14.9,15.5,13.86,21496.0,603569
2018-07-12,14.7,15.51,15.58,14.52,32853.0,603569
2018-07-13,15.3,15.11,15.3,14.92,19474.0,603569
2018-07-16,14.98,14.91,15.09,14.65,11616.0,603569
2018-07-17,14.88,14.87,14.89,14.6,8641.0,603569
2018-07-18,14.98,14.63,15.01,14.62,10614.0,603569
2018-07-19,14.6,14.4,14.7,14.32,7011.0,603569
2018-07-20,14.42,14.57,14.58,14.1,6640.0,603569
2018-07-23,14.57,14.75,14.76,14.4,6307.0,603569
2018-07-24,14.71,14.95,14.99,14.62,11882.0,603569
2018-07-25,15.15,14.82,15.15,14.68,8630.0,603569
2018-07-26,14.78,14.75,14.88,14.69,4799.0,603569
2018-07-27,14.73,14.71,14.83,14.6,4743.0,603569
2018-07-30,14.65,14.26,14.72,14.23,5821.0,603569
2018-07-31,14.2,14.41,14.51,14.2,4704.0,603569
2018-08-01,14.57,14.74,14.93,14.55,17988.0,603569
2018-08-02,14.16,13.84,14.49,13.32,14975.0,603569
2018-08-03,13.8,13.91,14.13,13.48,7774.0,603569
2018-08-06,14.05,13.76,14.05,13.58,5984.0,603569
2018-08-07,13.83,14.0,14.04,13.63,5406.0,603569
2018-08-08,13.95,13.68,14.17,13.65,7372.0,603569
2018-08-09,13.6,13.89,14.03,13.45,9368.0,603569
2018-08-10,13.86,14.15,14.28,13.8,8719.0,603569
2018-08-13,14.14,14.27,14.37,14.0,6962.0,603569
2018-08-14,14.24,14.38,14.48,14.22,6456.0,603569
2018-08-15,14.16,14.24,14.68,14.16,5704.0,603569
2018-08-16,14.24,13.68,14.24,13.66,7004.0,603569
2018-08-17,14.01,13.76,14.17,13.69,9509.0,603569
2018-08-20,13.54,13.68,13.99,13.32,9350.0,603569
2018-08-21,13.68,13.69,13.82,13.51,4707.0,603569
2018-08-22,13.45,13.8,13.86,13.45,5356.0,603569
2018-08-23,13.86,13.63,13.94,13.45,7932.0,603569
2018-08-24,13.63,13.56,13.8,13.48,4007.0,603569
2018-08-27,13.65,13.83,13.99,13.6,5242.0,603569
2018-08-28,13.67,13.7,13.99,13.61,6191.0,603569
2018-08-29,13.86,13.56,13.86,13.51,5653.0,603569
